customer_id,name,age,purchas_amount,country,date
1,Conny Evennett,19,2900,China,2026-03-23
2,Blane Chomiszewski,68,3042,United States,2026-04-10
3,Daphne Gilbert,43,3134,Indonesia,2025-06-08
4,Krishna Koop,40,4832,Jamaica,2025-08-22
5,Dody Rigge,45,2008,United States,2025-05-19
6,Rusty Rainger,39,4266,Lithuania,2025-11-08
7,Anna-diana Prigg,48,1715,China,2025-04-24
8,Eleanor Cotta,56,541,Namibia,2025-09-09
9,Bondy Ridolfi,68,3877,Indonesia,2025-09-01
10,Halsey Zukierman,22,580,Russia,2026-03-12
11,Prince Filov,22,4802,France,2026-03-20
12,Pieter Hubbert,32,553,Vietnam,2026-03-11
13,Mikey Wogan,56,2452,Sweden,2025-11-11
14,Lucas Jeggo,48,2087,China,2025-11-23
15,Alverta Gayne,67,2901,Laos,2026-04-15
16,Valry Cheson,51,3226,United States,2025-08-06
17,Trstram Neesam,27,1450,Czech Republic,2025-10-26
18,Issiah Pietraszek,35,1176,China,2025-08-03
19,Evangeline Robathon,69,1977,China,2025-05-01
20,Madelon Yuryichev,60,3353,Indonesia,2025-09-13
21,Ingrid Crumpton,31,3971,Brazil,2025-06-07
22,Gwendolyn Henken,37,1965,Russia,2025-08-04
23,Kerrie Stranaghan,57,1971,Poland,2026-01-14
24,Abner Michal,29,962,China,2025-09-24
25,Johnny Cockrill,58,3185,Sweden,2025-06-12
26,Kaylyn Deans,66,4557,Yemen,2025-09-24
27,Lyndell Abramamov,21,3128,China,2025-10-14
28,Cleve Liptrot,18,791,Mauritius,2026-01-28
29,Brucie Foxley,43,2350,Libya,2025-04-26
30,Rosamond Boord,23,3834,Indonesia,2025-04-25
31,Brigitta Konrad,36,437,Indonesia,2025-12-20
32,Helaine McMurthy,30,1695,Philippines,2026-02-23
33,Steve Attril,55,165,Poland,2026-03-14
34,Anya Wimmers,49,3074,Czech Republic,2025-07-05
35,Hirsch Brennans,70,4829,Lebanon,2026-03-06
36,Marrissa Parkes,62,2214,Philippines,2025-07-22
37,Prisca Mark,23,3028,Madagascar,2025-07-23
38,Kingston Hackney,45,4123,Indonesia,2025-07-10
39,Ave Redd,47,3176,Nigeria,2025-09-30
40,Filmer Euplate,27,2225,Indonesia,2026-01-22
41,Ethyl McDonogh,52,3920,Indonesia,2025-10-20
42,Hagan Binning,66,2097,Indonesia,2025-09-01
43,Abbot Minor,40,3564,Ireland,2025-06-06
44,Aigneis Betteridge,45,3563,Greece,2025-07-04
45,Tory Bereford,68,457,Indonesia,2025-05-29
46,Nance Lidgely,31,1696,Philippines,2025-11-26
47,Doretta Bront,54,4463,Ukraine,2025-08-10
48,Greer Obert,56,1028,Philippines,2025-09-27
49,Verney Yegorchenkov,43,2074,China,2025-11-24
50,Saw Abeles,21,2006,Mongolia,2025-12-22
51,Ignaz Murrells,19,492,Indonesia,2025-12-19
52,Klaus Donat,18,3496,French Polynesia,2026-01-25
53,Susanne Knutsen,26,4668,Portugal,2025-06-15
54,Rik Leyman,65,4252,United States,2026-02-22
55,Omar Ivy,26,423,United Arab Emirates,2026-01-16
56,Tammi Brooksby,21,3013,Philippines,2026-01-25
57,Genni Scamwell,32,4556,Thailand,2025-06-20
58,Korey Moreside,18,3796,Vietnam,2025-05-10
59,Editha Figure,62,3303,Indonesia,2025-07-14
60,Maia Dampney,45,2558,Indonesia,2026-03-01
61,Prent Petricek,36,3578,Mongolia,2026-02-03
62,Regine Tebbet,29,808,Argentina,2025-10-16
63,Arluene Bees,20,2224,Portugal,2025-10-08
64,Esra Fache,22,4163,Palau,2025-08-21
65,Malena Lindley,50,239,South Africa,2026-02-20
66,Gannie Boissieux,31,164,Somalia,2025-05-09
67,Thom Einchcombe,42,4064,China,2026-04-02
68,Freddie Follet,42,4095,China,2025-06-09
69,Kippy O'Carmody,19,30,China,2025-10-31
70,Dorise Pomfrey,50,2178,Russia,2025-08-12
71,Kariotta Trevallion,59,925,United States,2025-06-29
72,Derry Handrok,55,2829,China,2025-08-10
73,Lin Westberg,61,3967,Argentina,2025-12-16
74,Giacobo Bernadon,53,4414,Indonesia,2025-05-15
75,Pascale Fake,58,440,Thailand,2025-07-10
76,Nerty Kirwan,57,1107,China,2025-12-07
77,Chaddie Diehn,61,3061,Indonesia,2025-09-07
78,Lindsay Briggs,37,372,United States,2026-04-05
79,Wylie Drennan,42,784,China,2025-06-21
80,Matthaeus Bosenworth,36,4354,China,2026-01-06
81,Gabi Goodinson,60,4294,Indonesia,2025-12-15
82,Clifford Lockhead,19,2873,Canada,2025-08-27
83,Patty Corke,20,4823,Thailand,2025-08-17
84,Lorrayne Putnam,24,657,China,2025-04-30
85,Griffie Elcum,44,1729,Poland,2025-04-25
86,Ramonda Handrok,63,3656,Mayotte,2025-06-17
87,Jennette Huniwall,23,317,Czech Republic,2025-08-11
88,Bruce Aliman,55,4058,Russia,2025-05-30
89,Angel Burnapp,25,2223,Georgia,2025-09-13
90,Fanechka Kington,33,3550,Germany,2025-05-06
91,Baily Vallantine,39,2928,China,2025-10-11
92,Shirline Hriinchenko,43,2631,Mexico,2026-02-02
93,Kurtis Birdseye,35,4549,Russia,2025-09-15
94,Tarrah Sweetsur,64,1542,Morocco,2025-11-16
95,Cooper Redmore,57,3391,Greece,2026-03-04
96,Prince Delaney,58,2545,Philippines,2026-04-08
97,Roselle Mehaffey,45,3148,China,2026-01-14
98,Xylia Munns,66,3976,Marshall Islands,2026-02-07
99,Massimiliano Havelin,43,3695,Macedonia,2025-09-08
100,Herta Choulerton,29,2137,Afghanistan,2025-07-24
101,Kin McLarens,19,3411,Mexico,2026-01-18
102,Nancee Keady,21,4197,China,2026-01-05
103,Urbain Yearne,56,899,Ecuador,2026-01-09
104,Justina Deverose,31,4323,Brazil,2026-01-09
105,Peyter Iredell,37,3687,Indonesia,2025-11-29
106,Godiva Thresher,39,2218,Russia,2026-03-01
107,Alexi Ciotti,23,431,Philippines,2025-11-23
108,Brandice Headey,55,4011,Indonesia,2025-11-16
109,Saunder Mc Meekin,65,4445,Colombia,2025-08-05
110,Sorcha Rhodes,58,2636,Greece,2025-09-05
111,Kleon Amott,52,1017,Kazakhstan,2025-12-12
112,Jacki Behneke,48,299,Panama,2025-06-28
113,Gwenny Saylor,46,3139,China,2026-01-15
114,Ronni Prosser,50,1597,France,2026-04-08
115,Maurise Goodered,25,2992,Czech Republic,2026-02-02
116,Jacquelyn Sussans,34,4097,Philippines,2025-07-17
117,Nerita Pirie,52,4730,Indonesia,2026-03-30
118,Rik Aldine,30,398,Indonesia,2025-06-25
119,Odella Raiman,42,1016,Mauritius,2026-04-15
120,Cicily Grellier,28,2296,Indonesia,2025-05-22
121,Stephanus Delete,35,4821,Mexico,2025-09-21
122,Karmen Yarrington,51,1631,Brazil,2026-03-19
123,Launce Haddy,52,4159,Philippines,2025-09-26
124,Clyde Novichenko,25,4977,China,2025-09-08
125,Eadith Lodovichi,35,2215,Indonesia,2026-02-06
126,Donn Pagel,22,1087,Philippines,2025-09-02
127,Janeczka Ollet,54,3219,Portugal,2026-02-17
128,Tracee Amis,36,4561,Croatia,2025-08-24
129,Dinah Jindracek,69,236,Indonesia,2026-01-01
130,Kory Isenor,56,2044,Serbia,2025-10-29
131,Giorgio Browell,54,3466,Indonesia,2025-08-27
132,Gordon Trorey,52,688,China,2026-04-02
133,Blondie Izkoveski,34,2662,China,2025-05-22
134,Christoffer Treadger,63,1580,France,2025-05-13
135,Roxanna McCully,46,3865,Sweden,2025-11-28
136,Lavena Cluckie,33,3496,Finland,2025-09-04
137,Tyrone Dowers,57,3243,China,2025-08-29
138,Marietta Golledge,19,3682,Indonesia,2026-02-23
139,Travus Widdowfield,60,657,Philippines,2025-09-02
140,Noel Dring,70,13,Cape Verde,2025-10-02
141,Goldina Speers,30,2226,China,2025-06-14
142,Otis Gander,18,3933,Philippines,2025-08-02
143,Brock Ethridge,40,2496,Argentina,2025-12-14
144,Krysta Stawell,46,956,China,2026-03-20
145,Axe Webben,70,2515,Philippines,2026-03-15
146,Kayla Yerrell,65,1711,Honduras,2025-11-02
147,Pansy Motion,41,2357,China,2025-07-19
148,Adelaida Garside,35,392,China,2026-03-10
149,Normand Dubique,37,4809,Russia,2026-02-16
150,Gottfried Moyne,63,1533,Brazil,2025-10-14
151,Byron Graundisson,57,289,Russia,2025-08-29
152,Andriette Bottby,58,2487,China,2025-09-10
153,Gris Murrigans,56,2404,China,2025-10-14
154,Lenka Baigent,67,223,China,2026-02-20
155,Gabi Dankov,56,1378,Brazil,2025-08-06
156,Dorene Bareham,29,3486,Luxembourg,2026-01-17
157,Hilliary Peinton,38,3509,China,2026-03-19
158,Silvia Strapp,44,112,Indonesia,2025-04-26
159,Rebecka Couttes,23,1947,South Korea,2025-10-23
160,Daune Winpenny,37,4580,China,2025-09-25
161,Neile Ayars,54,3200,United States,2025-05-02
162,Hussein Noot,27,2145,Peru,2025-08-03
163,Lukas Fuggles,62,4793,China,2026-03-03
164,Rufus Quinney,29,448,China,2026-03-07
165,Julie Dessaur,37,2776,Japan,2025-06-22
166,Rafa Griffey,56,2209,Poland,2026-01-25
167,Jemie Duplan,48,1764,Russia,2025-12-27
168,Francois Kiddye,22,3917,China,2025-07-11
169,Chery Iozefovich,56,1501,United States,2025-09-30
170,Umeko Penbarthy,42,940,Russia,2025-12-06
171,Vasilis Gricewood,69,2052,China,2026-03-26
172,Francklin Ivimey,33,1481,Russia,2025-09-23
173,Mathe Lanceter,46,4896,Aland Islands,2025-08-26
174,Willi Temporal,32,2765,Somalia,2025-06-21
175,Berky Charman,34,1975,China,2026-02-25
176,Shandee Autrie,27,1454,Gambia,2026-03-05
177,Zonnya Fereday,59,4104,Colombia,2026-02-17
178,Cord Mackriell,50,4066,Thailand,2026-02-05
179,Vaughan Roloff,69,4620,Albania,2026-03-17
180,Arel Kniveton,30,3719,China,2025-11-09
181,Brittany Hulbert,58,3416,China,2025-06-28
182,Lauryn Grewe,59,1804,Uganda,2025-12-31
183,Shaine Leonarde,53,3760,Brazil,2026-01-01
184,Catina Tutill,57,2920,Sweden,2025-09-04
185,Artair Ben-Aharon,33,4321,Thailand,2025-09-13
186,Connor Welbrock,47,4948,South Africa,2025-07-03
187,Olympia Leasor,54,4014,China,2025-09-23
188,Lynde Horsburgh,40,2048,France,2025-04-29
189,Sophey Stebbing,58,1042,Georgia,2025-04-17
190,Cindra Swepson,53,4017,Portugal,2025-10-13
191,Zacharias Eddowes,52,1366,Ukraine,2026-03-10
192,Almire Crowder,20,3532,Poland,2026-02-17
193,Nathan Catling,49,4430,Croatia,2025-12-29
194,Antoinette Chugg,54,1714,Colombia,2025-07-23
195,Kerby Petr,66,2431,Indonesia,2025-07-04
196,Cassondra Braxay,65,2184,China,2026-01-05
197,Chlo Glavias,46,3810,Indonesia,2026-04-04
198,Smitty Storer,61,82,Russia,2025-11-25
199,Alexine Rops,57,613,China,2026-03-29
200,Yelena McGettrick,48,4615,Lithuania,2025-08-01
201,Katleen Raynard,27,1319,Portugal,2025-10-09
202,Delbert Sessions,36,4653,China,2026-04-15
203,Morty Danforth,60,1448,Latvia,2025-10-26
204,Nickie Bright,48,2544,Ukraine,2025-10-17
205,Lida Stretton,39,2288,Philippines,2025-12-25
206,Barnard Biernacki,62,2535,China,2025-11-06
207,Sheree Hubbis,67,4816,China,2025-11-25
208,Albertina Crewther,29,2693,Sweden,2025-05-29
209,Kirstin Crosser,26,3858,France,2025-10-21
210,Gayle Byforth,70,2707,China,2026-03-24
211,Allie Moyles,57,1266,Sweden,2025-06-30
212,Francoise Chalkly,63,3935,Indonesia,2025-08-03
213,Codi Giacomasso,46,247,Poland,2026-04-15
214,Page Mc Andrew,64,636,Indonesia,2025-06-01
215,Georgena Burkin,38,1242,Azerbaijan,2025-09-02
216,Cob Hentzer,18,3769,France,2025-06-12
217,Pennie Withur,23,1827,China,2025-05-28
218,Sammie Fitzackerley,21,4989,Nepal,2025-07-12
219,Carmelina Tupper,49,4753,Ghana,2026-03-16
220,Lars Brosnan,20,1619,Argentina,2025-12-27
221,Robinet Fanthom,45,4434,China,2025-09-03
222,Shellie Mapledoram,26,1402,Cambodia,2025-06-20
223,Dolorita Pennuzzi,70,819,Poland,2025-04-20
224,Brietta Labern,70,2311,Netherlands,2026-01-03
225,Karon Eshelby,34,1054,Cuba,2025-08-17
226,Margalo Durward,49,3816,Indonesia,2025-12-15
227,Chloette Espinal,56,1285,Russia,2026-02-18
228,Vickie Tallis,35,1858,Zambia,2026-01-01
229,Henrietta Mitchelhill,31,2670,Croatia,2025-06-02
230,Quentin Scragg,68,2026,Indonesia,2025-08-01
231,Pandora Philip,21,4607,Brazil,2025-09-03
232,Roxanne Rodinger,32,3975,Indonesia,2025-10-02
233,Adelle Szymon,64,4662,China,2026-02-25
234,Logan Selwood,68,2042,Bosnia and Herzegovina,2026-01-27
235,Bo Kurt,29,4974,Poland,2026-01-11
236,Mathilda Lorryman,42,4315,Portugal,2025-11-24
237,Patin Bein,23,2809,China,2025-10-02
238,Claude Line,54,316,Italy,2025-10-28
239,Flin Lowless,43,2451,China,2025-04-18
240,Danny Bearn,20,336,Russia,2025-11-27
241,Gonzalo Ege,28,818,Saudi Arabia,2026-04-03
242,Dedie Nockles,29,206,China,2026-03-14
243,Candie Double,47,3358,China,2026-03-14
244,Elmore Van Saltsberg,65,2929,China,2025-07-20
245,Jobie Raggatt,22,4008,China,2026-04-13
246,Nike D'Antuoni,22,3332,China,2026-03-02
247,Graehme Antalffy,48,3477,Morocco,2026-02-08
248,Ermengarde Gercken,26,984,Belarus,2025-09-15
249,Charita Creswell,41,99,Indonesia,2026-02-20
250,Alyson Griston,35,1821,Russia,2025-06-25
251,Em Peeke-Vout,24,1123,Philippines,2026-04-07
252,Willamina Petyakov,42,494,Greece,2025-06-04
253,Shari Halsho,42,936,Peru,2025-12-27
254,Turner Mulholland,41,981,China,2025-10-19
255,Alvinia MacCleod,29,1339,Senegal,2025-08-10
256,Merrilee Ouver,39,1879,Russia,2025-04-23
257,Joleen Oatley,40,4240,Indonesia,2025-07-22
258,Juan Harrod,21,1144,North Korea,2025-05-31
259,Cyndia Reddecliffe,58,1161,China,2026-03-22
260,Allyson Gregg,22,4646,Croatia,2025-08-08
261,Anatollo Bonson,26,1721,Sweden,2025-07-20
262,Haven Coopland,49,301,Ukraine,2025-04-26
263,Nevile Velareal,57,2599,Serbia,2026-04-13
264,Esdras Dentith,65,3218,China,2025-11-06
265,Thia Tatham,35,1048,Russia,2025-12-06
266,Carleton Levene,63,1079,France,2025-07-20
267,Fons Doubrava,19,97,France,2025-09-03
268,Lay Skirven,51,4446,Poland,2025-11-10
269,Charin Rodgier,30,936,Brazil,2026-02-05
270,Ky Ikins,56,2902,El Salvador,2026-02-06
271,Lorrie Rash,42,4800,Philippines,2025-08-15
272,Neala Flatte,21,3247,Indonesia,2025-09-10
273,Catha Croxley,42,1193,France,2025-11-14
274,Frederic Maginn,69,815,Peru,2026-04-06
275,Mickie Mariolle,24,3978,Mexico,2025-11-20
276,Amery Eayres,52,1553,Czech Republic,2026-01-27
277,Orran Bishop,63,3627,France,2025-08-11
278,Cindelyn Jealous,52,4346,Greece,2025-09-05
279,Edin Crace,36,2739,Indonesia,2025-12-26
280,Vanny Mutton,30,3735,China,2026-02-27
281,Heather Tuckett,43,427,Israel,2025-11-09
282,Aloysius Ros,29,2392,Cuba,2026-02-04
283,Juliann Klasing,42,3803,Philippines,2025-11-07
284,Vincent Loan,66,3608,Czech Republic,2025-07-10
285,Damian Wheadon,35,4718,Colombia,2026-04-08
286,Richmound Etienne,33,3269,China,2025-06-14
287,Federico Baigent,62,1189,Canada,2026-02-22
288,Waverly Carty,57,3622,Croatia,2025-07-21
289,Lane Scrogges,48,4913,China,2025-06-17
290,Felisha McCormick,48,646,Portugal,2025-11-11
291,Cointon Boch,24,1510,China,2025-05-10
292,Kalil Evins,31,133,Germany,2026-01-02
293,Desmund Thorbon,38,4806,Philippines,2026-02-24
294,Meade Force,24,4614,China,2025-05-31
295,Thoma Coules,50,4655,Brazil,2025-11-11
296,Clare Tunstall,53,2357,Bangladesh,2025-05-10
297,Lib Diperaus,30,2447,Brazil,2026-01-13
298,Yettie McKinty,39,4188,Indonesia,2026-03-15
299,Sigvard Skaid,29,622,Jordan,2025-10-01
300,Tildy Berryman,51,2251,Yemen,2025-10-19
301,Anthony Swancock,50,636,China,2025-11-19
302,Payton Clethro,35,3330,China,2026-04-14
303,Purcell Perford,33,2634,China,2025-09-13
304,Edin Honnan,35,3000,China,2025-09-23
305,Kevyn Olivier,26,2712,Brazil,2025-10-11
306,Faith Ainscough,49,839,Paraguay,2025-09-29
307,Dolorita Rickerby,58,2312,Indonesia,2025-06-03
308,Alis Garwell,57,4472,Philippines,2026-03-13
309,Sloane Sallter,60,63,France,2026-04-15
310,Nerty Laurenz,45,2873,Poland,2026-04-08
311,Nicolea Porrett,35,676,Ukraine,2026-02-05
312,Ethan Bownas,42,886,Philippines,2025-05-27
313,Edlin Speed,44,4230,Philippines,2025-10-04
314,Daisi Coveny,47,2359,Greece,2026-02-13
315,Dani Ravillas,54,4844,Indonesia,2025-12-22
316,Maxy Jolland,24,759,Russia,2025-09-11
317,Leoline Ruppert,18,1877,Finland,2025-11-06
318,Jeri Onion,38,2890,Peru,2025-12-31
319,Madonna Laughnan,57,2067,Indonesia,2025-09-21
320,Arther Spelman,52,247,Russia,2025-12-02
321,Charline Catlow,52,4993,France,2025-07-30
322,Dietrich Broddle,55,3922,China,2025-06-17
323,Kearney Prazor,32,548,Bolivia,2025-10-17
324,Fairleigh Ducker,53,2398,Sweden,2025-12-19
325,Drusilla Legion,54,3605,Russia,2025-07-18
326,Demetris Pringour,39,2299,Poland,2026-01-14
327,Lothaire Dunguy,36,306,Colombia,2026-02-08
328,Cacilie Brounfield,37,4103,Norway,2025-07-25
329,Darryl Reid,43,3502,Portugal,2025-12-08
330,Augy Toft,40,3754,Mozambique,2025-06-17
331,Ajay Morritt,22,1915,China,2025-04-17
332,Allene Pynner,68,1170,Kenya,2025-07-05
333,Shoshana Judson,55,2576,United States,2026-03-30
334,Kippar Sullly,54,2557,Poland,2025-06-15
335,Idette Falconer,60,1284,China,2025-06-28
336,Mallissa Holsall,69,4057,Cameroon,2025-04-29
337,Cybil Wellen,70,4486,Indonesia,2025-05-05
338,Raimundo Swain,42,3756,China,2025-11-30
339,Leonore Hylands,44,684,Albania,2025-12-11
340,Rick Shone,58,1267,Vietnam,2025-10-03
341,Toddy Crellin,47,4341,Brazil,2025-05-08
342,Randolph Seeds,32,3291,China,2025-07-21
343,Christian Kearle,32,4956,Indonesia,2026-01-01
344,Chrisse Delouch,35,2870,Russia,2025-11-14
345,Gayle Hirtzmann,18,2546,Indonesia,2025-04-27
346,Phillis O' Quirk,59,818,China,2025-09-08
347,Milicent Andrysiak,65,1558,China,2025-07-31
348,Myron Slocomb,69,432,Morocco,2025-12-06
349,Adore Forster,21,4326,Indonesia,2025-07-04
350,Nicol Egdal,19,3478,Philippines,2026-03-02
351,Marieann de la Valette Parisot,24,1878,France,2025-11-16
352,Nels Billington,33,1618,United States,2025-10-15
353,Balduin McClunaghan,39,853,China,2026-01-24
354,Saunders Ryott,19,1254,Nigeria,2026-03-05
355,Brnaby Spradbery,19,739,Philippines,2025-05-04
356,Kermie Nell,33,4392,China,2026-04-06
357,Dieter Kayne,56,231,Nigeria,2026-02-08
358,Tiff Puckring,54,2527,China,2025-09-21
359,Joscelin Kirkpatrick,68,3138,Brazil,2025-05-22
360,Bidget Kneeland,65,4036,Pakistan,2025-04-30
361,Frannie Sidery,18,1595,Uganda,2025-11-16
362,Malva Boyford,53,3393,Russia,2025-12-07
363,Keeley Petworth,63,4577,China,2025-11-24
364,Lorry Carnelley,68,4179,Brazil,2025-11-04
365,Isobel Given,69,1733,Russia,2026-01-26
366,Stefa Goss,59,4022,China,2025-09-22
367,Issy Ladbury,24,3170,China,2025-09-24
368,Joleen Cridlan,45,3815,Peru,2025-12-14
369,Hanson Kelson,25,45,Philippines,2025-05-29
370,Brad Jezard,29,143,Indonesia,2025-07-27
371,Harv Teliga,37,837,El Salvador,2025-10-13
372,Taylor Mattiassi,30,2974,Ecuador,2025-12-19
373,Staci O'Currane,41,3828,Malta,2025-10-27
374,Alberik Villaron,33,638,Western Sahara,2026-01-11
375,Jaime Garbett,65,4504,Portugal,2025-09-18
376,Frederica Lydiatt,21,1090,Kazakhstan,2026-03-31
377,Olivette Ruberti,55,2418,China,2025-06-19
378,Alverta Kubes,45,4909,Comoros,2026-01-29
379,Levi Filipputti,61,1861,Central African Republic,2025-08-12
380,Mata Deeney,51,4697,Argentina,2026-03-21
381,Byram O'Flaverty,30,3868,Russia,2025-06-22
382,Bea Bim,52,3314,Indonesia,2025-11-11
383,Cissiee Randlesome,62,851,Philippines,2025-07-16
384,Dulcinea Coie,54,4764,China,2025-05-18
385,Verena Penswick,57,3751,Bangladesh,2025-10-03
386,Lulita Burness,40,3208,Slovenia,2025-08-29
387,Lindsy Wynrehame,58,1471,Brazil,2026-03-01
388,Darda Daton,69,311,Denmark,2025-06-08
389,Dell Pratty,68,1296,Kuwait,2026-03-29
390,Moll Brosio,47,4431,China,2025-11-26
391,Vonnie Kernan,49,3451,Portugal,2025-07-24
392,Jyoti Chipman,62,3372,Russia,2025-06-14
393,Edie Greed,63,4742,China,2025-09-04
394,Hedy Trubshaw,19,1086,Ukraine,2025-08-21
395,Aharon Kervin,51,3872,Kyrgyzstan,2025-07-15
396,Conan Bridgement,52,3423,Tonga,2026-01-02
397,Brigida Heggison,42,178,Russia,2025-04-21
398,Manny Ethersey,61,451,China,2025-05-08
399,Kellyann O'Shevlan,48,4343,Poland,2026-03-29
400,Raul McGroarty,47,1662,Greece,2025-08-13
401,Lancelot Aickin,46,4901,Brazil,2026-01-04
402,Hallsy Holleworth,47,4205,Russia,2025-10-15
403,Montague Sherbrook,57,3294,Peru,2025-05-04
404,Pearce Yuille,58,2430,Philippines,2026-01-15
405,Aeriell Pimer,26,3626,China,2026-02-20
406,Philippa Kilban,54,2433,Vietnam,2025-08-15
407,Worden Sloley,45,1724,Macedonia,2026-02-24
408,Desi Clubb,62,2309,China,2025-07-10
409,Ardisj MacMaykin,52,3560,Zimbabwe,2025-05-17
410,Keefe Akaster,26,3500,Peru,2025-10-30
411,Godfrey Mound,32,3317,Indonesia,2025-09-24
412,Boycey Brownsall,56,2172,United States,2025-07-06
413,Denna Ruck,41,3638,Indonesia,2025-08-21
414,Klarrisa Lockett,37,2500,Japan,2025-11-16
415,Ryun Peacham,30,2198,Poland,2025-04-23
416,Lucienne Copcote,39,660,Indonesia,2026-01-26
417,Monte McShane,28,704,Indonesia,2025-05-19
418,Ronna Clausner,70,3302,Ukraine,2025-09-25
419,Damien Dolby,46,646,Argentina,2025-09-28
420,Scotti Crinkley,56,1834,China,2026-01-08
421,Oby Kopelman,40,3468,Brazil,2025-05-07
422,Ezechiel Ivy,47,4449,Albania,2026-03-22
423,Maureen Woollin,33,2388,Ukraine,2025-08-30
424,Flinn Dory,38,2153,Philippines,2026-01-27
425,Vivia Beyn,22,3943,Afghanistan,2025-06-08
426,Stesha Gosnell,36,2865,Russia,2026-03-08
427,Ikey Welfare,53,3448,Peru,2025-06-18
428,Rockey Rollinson,40,1008,Sweden,2026-02-15
429,Gasper Renneke,57,1561,Japan,2026-02-03
430,Darryl Albrook,46,2972,Portugal,2025-06-01
431,Aubrette Prest,27,2795,Bosnia and Herzegovina,2025-12-27
432,Constantin Patzelt,45,1630,Argentina,2026-01-01
433,Laney Santon,26,3608,Poland,2026-03-17
434,Brittan Huitson,36,1148,Nigeria,2025-07-17
435,Sonnie Do Rosario,49,3458,Mexico,2025-10-12
436,Terese Trowsdale,39,1857,China,2025-10-06
437,Melisse Hyett,18,1829,Canada,2026-02-09
438,Somerset Gossart,18,3231,Sweden,2025-06-29
439,Helen-elizabeth Robichon,52,904,Iran,2025-05-09
440,Florian Twentyman,41,3356,France,2025-06-03
441,Eileen Rosenstock,58,1719,Tunisia,2026-01-14
442,Willyt Pawling,27,2365,China,2025-08-15
443,Catherina Slatten,37,4933,Indonesia,2025-09-28
444,Glennis Theakston,44,3408,Uruguay,2025-07-12
445,Dick Wisby,20,2759,Peru,2025-07-31
446,Sax Caldero,18,3513,Afghanistan,2025-08-13
447,Bond Wolffers,22,2517,Guatemala,2025-11-04
448,Wells Ridger,46,4281,Ukraine,2026-03-01
449,Wit Rubee,25,3708,Kuwait,2025-06-05
450,Michaela Redman,69,3783,France,2025-09-25
451,Keefer Cranage,28,3890,Syria,2025-12-16
452,Whitby Cricket,66,4908,Argentina,2026-03-12
453,Bridget Vigus,51,2121,Indonesia,2025-11-25
454,Rayshell Meharry,24,533,Greece,2025-12-14
455,Goldie Ludlam,25,618,Indonesia,2026-01-08
456,Marley Edwardes,68,2235,Argentina,2025-05-25
457,Bob Moyle,68,2035,South Africa,2026-01-04
458,Quinn Mahony,40,4236,Thailand,2025-05-16
459,Sloan Sweating,58,4488,China,2026-02-13
460,Marjory Shipman,41,1093,Mexico,2025-12-27
461,Ilse Hugnin,46,1909,Russia,2026-03-21
462,Tonye Furmston,59,3763,Portugal,2025-08-02
463,Esmeralda Erbain,54,534,China,2025-12-20
464,Mollie McCaig,64,1256,Greece,2025-04-16
465,Annecorinne Crowch,21,4224,China,2026-03-26
466,Nobie Wickersham,49,4569,Morocco,2025-11-14
467,Alvin Emanulsson,57,1746,Philippines,2025-05-24
468,Marcel Ranken,67,4866,Russia,2025-05-13
469,Neale Spottswood,66,2397,Macedonia,2026-02-22
470,Gare Wordley,62,4978,China,2025-07-02
471,Lottie Guilliatt,26,1920,Philippines,2025-09-21
472,Nolan Binion,59,2302,Norway,2025-09-28
473,Clerissa Agius,27,2296,France,2025-06-28
474,Zitella Vaune,36,4092,Saudi Arabia,2026-04-11
475,Dewain Woolmer,46,1064,Indonesia,2025-04-27
476,Sheri Guice,64,2222,China,2025-06-03
477,Rozanne Myerscough,46,2652,Russia,2026-03-27
478,Eddie Dutchburn,33,4484,Jamaica,2025-05-07
479,Tallie Tolchar,60,3695,Sweden,2025-05-06
480,Yolane Kohen,35,3729,Thailand,2025-12-16
481,Chryste De Andreis,37,4072,Mongolia,2025-07-31
482,Riane Wardale,50,2576,China,2026-04-05
483,Delora Early,42,3185,Albania,2025-10-13
484,Lois Glantz,39,2142,Botswana,2025-10-19
485,Mindy Waplington,20,3865,China,2025-08-06
486,Velma Rowcliffe,23,3090,Argentina,2025-07-02
487,Efrem Tooze,44,4687,Russia,2025-07-05
488,Karen Brecknall,32,1197,Serbia,2025-10-25
489,D'arcy Patillo,54,2525,Brazil,2025-06-10
490,Marni Beavers,56,864,Sudan,2026-03-04
491,Nicolle Lief,21,226,Indonesia,2025-08-10
492,Horacio Synnot,43,493,China,2026-01-01
493,Dirk Phettis,23,1257,Brazil,2025-09-08
494,Arvie Guiduzzi,54,1609,China,2025-12-17
495,Ely Northcote,45,1214,China,2025-08-03
496,Taylor Robroe,39,829,Philippines,2025-08-06
497,Corinna Dibdale,56,2337,Poland,2025-06-09
498,Jasun Warlock,51,328,Bulgaria,2026-01-06
499,Lyndel Ivoshin,65,42,Serbia,2026-01-11
500,Tabatha Jiras,43,3492,Argentina,2025-11-15
501,Langsdon Trudgian,42,1766,Guatemala,2025-06-23
502,Wilburt Hanne,60,2067,Poland,2025-10-15
503,Clemmie Burrass,50,2392,Russia,2025-08-05
504,Lynde Ozanne,68,465,Croatia,2026-01-07
505,Tedra Andrag,18,1512,Belarus,2026-03-29
506,Irving Tombs,39,2821,Peru,2025-07-18
507,Iorgo Bolesma,70,3366,Czech Republic,2026-02-28
508,Leta Dunning,27,4230,China,2025-07-28
509,Arlette Aldrin,47,390,Philippines,2025-06-24
510,Carie Oley,66,2440,Indonesia,2025-11-25
511,Evyn Cockram,31,3128,Indonesia,2025-12-18
512,Margalo Lampard,53,3061,Indonesia,2026-04-12
513,Pen Baldwin,45,4029,Zimbabwe,2025-05-31
514,Aridatha Whorton,23,3462,Indonesia,2025-10-18
515,Culver Reims,30,1060,China,2025-04-19
516,Cherice Dowley,46,4218,France,2026-02-07
517,Lillis Vedeniktov,61,1125,Russia,2025-05-06
518,Eddie Tolumello,24,3193,Brazil,2025-08-09
519,Rori Gheraldi,21,348,Indonesia,2025-09-08
520,Aurie McCowen,65,4692,Latvia,2026-04-11
521,Gardy McTerrelly,24,1813,China,2026-01-30
522,Bailey Ivashintsov,42,2382,Portugal,2025-06-12
523,Rossy Kinnaird,44,1700,Brazil,2026-02-11
524,Shirline Clifford,58,3563,Chad,2025-05-30
525,Felipa Campa,59,2307,United Kingdom,2025-10-05
526,Willey Dillistone,62,3332,Sweden,2025-10-21
527,Shelley Singleton,32,4336,Indonesia,2026-03-21
528,Jackie O'Halloran,46,4014,Ukraine,2025-11-12
529,Lennard Tabrett,23,533,China,2025-05-19
530,Rosa Thacker,53,2030,Russia,2025-05-22
531,Marje Gonzales,22,3408,Jordan,2025-06-15
532,Merrilee Kermon,24,3384,Zambia,2025-08-12
533,Gradeigh Hurd,63,4553,Poland,2025-09-09
534,Dennie Rowter,28,941,Ukraine,2025-06-09
535,Wayland Halgarth,18,2341,China,2025-04-24
536,Rowen Hoodlass,45,4251,South Africa,2025-12-22
537,Isidro Spedroni,41,3192,Norway,2026-01-29
538,Berget Ashbey,33,702,Japan,2025-12-30
539,Lincoln Werrilow,19,4870,Slovenia,2025-11-20
540,Mab Wissby,22,2469,Argentina,2025-05-22
541,Don Lundbeck,34,4387,Serbia,2025-08-31
542,Eulalie Furniss,70,4746,Indonesia,2025-04-24
543,Farleigh Starton,66,3575,Japan,2025-05-11
544,Westbrooke Burrett,59,563,Sri Lanka,2025-10-29
545,Tracy Gealy,20,1980,Iran,2025-07-01
546,Minnaminnie Tingle,48,4911,Croatia,2025-08-30
547,Becki Langelaan,44,1823,China,2025-07-30
548,Bevvy Norledge,21,4397,Indonesia,2025-05-22
549,Loralee Beed,66,962,Peru,2025-12-07
550,Nomi Fish,22,701,United States,2026-04-10
551,Dorris Colby,60,884,Russia,2025-12-14
552,Barth Koubek,51,1290,Indonesia,2025-05-23
553,Ashby Josefsen,26,2833,Sweden,2025-05-24
554,Obadiah Zwicker,63,1225,Sweden,2025-06-28
555,Jermain Kurtis,34,4495,Brazil,2025-09-29
556,Darin Coleford,33,2888,China,2025-08-28
557,Uriel Sancto,32,572,Norway,2025-11-06
558,Katha Mathivat,65,3241,Philippines,2026-03-25
559,Ulla Cicco,59,4712,Indonesia,2025-10-17
560,Rutger Laneham,40,92,Portugal,2025-11-05
561,Aurea Emmanuele,30,2794,Ethiopia,2025-11-07
562,Boigie Hunting,62,3673,China,2025-05-14
563,Elnore Gurley,28,215,Philippines,2025-05-10
564,Nathan Kornilyev,47,4508,Indonesia,2025-05-21
565,Borg Bolgar,22,223,Venezuela,2025-07-27
566,Gaston Markel,28,3942,China,2025-10-10
567,Ashley Christofle,39,1393,Pakistan,2026-02-22
568,Jillie Bowen,41,788,China,2025-12-19
569,Theresita Bateup,69,2244,China,2026-02-21
570,Jade Adamek,57,4491,Brazil,2025-08-24
571,Letisha Knipe,61,2443,China,2025-08-07
572,Fair Gatenby,58,2760,China,2025-05-24
573,Laurette Finicj,64,345,Argentina,2025-07-18
574,Grenville Antunes,39,703,Georgia,2025-04-23
575,Livvy Purkins,65,3677,France,2025-09-04
576,Frieda Coutthart,24,3289,China,2025-12-07
577,Uriel Bodiam,19,2551,Indonesia,2025-10-25
578,Gabriele Hamp,65,3785,Indonesia,2025-12-22
579,Jasmine Inde,68,1778,Brazil,2026-01-19
580,Nobie Matushenko,21,4215,Guatemala,2026-01-11
581,Dot Toquet,28,56,New Zealand,2026-04-06
582,Patin Lemmon,18,73,Poland,2026-02-23
583,Gaile Jellyman,36,3660,Czech Republic,2026-01-22
584,Whitney Banasik,19,525,China,2025-10-26
585,King Breinlein,24,3533,Argentina,2025-09-26
586,Padraig Bagworth,70,2593,Belarus,2025-08-20
587,Jamie Lipman,26,486,Indonesia,2025-05-11
588,Faun Quigg,64,3207,Greece,2025-11-06
589,Jilly Lesor,55,4638,Greece,2025-04-24
590,Angelico Norheny,49,4538,Poland,2025-07-27
591,Isobel Imm,35,1377,Mali,2025-11-23
592,Filide Harmour,37,3342,Argentina,2026-01-18
593,Netta Fasham,36,4721,Indonesia,2026-03-18
594,Garland Warlock,65,1558,Mongolia,2025-06-23
595,Whitney Wimes,57,818,China,2025-05-31
596,Lorne Berntssen,60,1988,Indonesia,2025-09-01
597,Sibella Shapland,31,3309,Togo,2025-12-04
598,Elena Gallandre,53,3561,Hungary,2025-09-29
599,Pauly Appleford,44,4821,Peru,2025-06-25
600,Mart Asbery,33,1220,Canada,2025-09-06
601,Averyl Worden,22,3319,China,2026-02-12
602,Ellynn Gowenlock,37,2733,Poland,2026-01-10
603,Eudora Dewick,50,1955,Georgia,2025-11-10
604,Aurlie Hatherleigh,65,1572,Indonesia,2025-09-22
605,Leslie Silverlock,41,2207,Thailand,2026-01-09
606,Barty Kinloch,54,4145,Japan,2025-07-24
607,Mason Dow,64,632,South Korea,2025-05-03
608,Gil Alam,68,1900,Sweden,2025-12-26
609,Francine Gillean,50,4832,Yemen,2025-12-02
610,Faun Willcox,35,3747,China,2025-07-03
611,Cleopatra Lomb,64,2045,Indonesia,2025-07-27
612,Rae Heyball,41,3958,China,2025-10-10
613,Orelle MacAlroy,30,3310,China,2025-08-24
614,Saunder Twopenny,63,3973,Croatia,2025-11-02
615,Leeanne Blease,46,4184,Bangladesh,2025-08-08
616,Karisa Bastone,33,297,Poland,2026-03-15
617,Marthena Swetland,20,2423,China,2025-12-22
618,Sarette Vagg,32,1190,Sweden,2026-01-19
619,Haleigh Slesser,22,4326,South Korea,2025-12-06
620,Alameda Sorbey,50,69,China,2025-12-16
621,Debby Tomkinson,31,2184,Mexico,2026-02-24
622,Rhys Eakens,32,4827,Vietnam,2026-02-07
623,Byron McNee,60,948,China,2025-12-14
624,Karie Simson,20,970,China,2025-11-22
625,Daisi Chattock,20,4233,United States,2025-07-11
626,Quincey Seton,54,1596,Lithuania,2025-08-25
627,Tailor O'Leary,69,3451,Japan,2025-12-28
628,Dyanne Chaves,54,617,China,2026-02-28
629,Bentlee Philpots,33,1143,Portugal,2025-09-09
630,Lilla Lett,26,2772,Nicaragua,2025-07-17
631,Addy McGuiney,63,3088,Canada,2025-08-06
632,Brittaney O'Suaird,63,999,Croatia,2025-07-31
633,Heddi Raison,43,1183,Nepal,2025-09-22
634,Nadiya Gordge,36,1883,Afghanistan,2025-05-31
635,Sandro Philbrick,55,3900,China,2026-03-25
636,Tallulah Castane,64,3368,Greece,2025-06-14
637,Maxie Keneford,26,1098,Portugal,2025-08-15
638,Kelli Crix,46,841,Argentina,2025-06-25
639,Darrin Sieghart,68,894,Indonesia,2026-03-03
640,Alvie Tivnan,37,1337,Indonesia,2026-03-19
641,Hinda Matei,39,1942,Armenia,2025-10-18
642,Whitby Deeley,63,4582,Peru,2026-04-15
643,Suzy Pude,69,597,Denmark,2025-05-11
644,Zenia Willcot,30,882,Poland,2025-04-30
645,Lacy Dhenin,28,3426,Thailand,2025-11-18
646,Ebeneser Rimington,66,2669,Albania,2025-07-04
647,Shay Jacob,68,2144,Philippines,2025-10-06
648,Andrew Worcs,52,173,China,2025-12-06
649,Eda Kovacs,69,519,China,2025-04-17
650,Peg Carsberg,23,366,Colombia,2025-12-08
651,Leonelle Rosenstiel,29,1468,Albania,2025-07-01
652,Brett Ashcroft,23,898,Brazil,2025-05-21
653,Clarey Kobpa,50,2398,Saudi Arabia,2026-01-25
654,Denney Hagland,28,1302,China,2026-04-15
655,Samara Fellgatt,29,3005,China,2025-10-04
656,Augusto Bras,69,556,Cape Verde,2026-03-20
657,Lexi Struthers,59,1490,Egypt,2026-03-12
658,Frasier Casbon,34,4953,Myanmar,2025-10-08
659,Dunstan Van Der Weedenburg,53,4088,Russia,2025-10-27
660,Myer Fazzioli,59,2269,Indonesia,2026-02-16
661,Dell Spencelayh,35,470,Indonesia,2026-01-16
662,Arabela Chastan,61,4875,Indonesia,2025-09-05
663,Corny Scamp,62,867,Poland,2025-08-29
664,Latrina Ghidelli,62,4298,Philippines,2026-01-14
665,Cathlene Blazey,56,4167,France,2025-06-24
666,Doretta Simacek,18,2094,Indonesia,2026-03-24
667,Brita Witherdon,53,3362,Israel,2026-03-18
668,Licha Drinkale,33,2444,Sweden,2025-12-07
669,Consalve Bailes,50,3627,Brazil,2025-08-29
670,Daphna Packington,70,1361,Cuba,2025-10-08
671,Melisent Bellerby,51,4746,China,2026-02-13
672,Obediah Antushev,44,3419,China,2025-07-09
673,Lon Pinare,39,297,Indonesia,2025-05-28
674,Adriane Carrigan,38,4669,Philippines,2025-09-09
675,Bentlee Chappel,69,3341,China,2025-12-05
676,Emery Shrimptone,30,418,Canada,2026-04-06
677,Terry Veldens,40,1694,Vietnam,2025-07-08
678,Lurleen Suart,25,4020,Uganda,2025-07-15
679,Davis Akers,65,4468,Portugal,2025-06-19
680,Pierette O'Halloran,24,1859,Portugal,2025-08-28
681,Lazar Lamberti,39,3117,Russia,2025-04-22
682,Harley Daniellot,38,1835,Venezuela,2026-02-16
683,Codi Laugier,39,2599,China,2025-08-17
684,Lib Jeandillou,40,2178,China,2025-07-25
685,Walton Ballentime,60,943,Colombia,2025-07-05
686,Carson Charlot,33,2702,Indonesia,2026-03-27
687,Fidela Trudgion,62,24,United States,2025-10-09
688,Kimmy Bindon,29,3761,Russia,2025-12-29
689,Brittani Noury,47,3490,China,2025-06-03
690,Bab Halgarth,35,3792,Indonesia,2025-11-05
691,Lorie Silveston,30,4338,China,2025-05-19
692,Myrtle Gerriessen,66,4506,Ireland,2025-06-23
693,Patricia Pocke,68,254,China,2025-08-24
694,Sonnie Ravenshaw,50,2677,Brazil,2025-05-24
695,Drusie Pallatina,42,3149,Armenia,2025-08-14
696,Sherry Wilber,44,2446,United States,2025-04-26
697,Ludvig Dunkinson,34,1770,China,2025-06-17
698,Eward Osbourne,29,3098,Indonesia,2025-07-02
699,Monica McGerraghty,28,4655,Thailand,2025-08-18
700,Lemmy Routledge,34,2734,Russia,2025-06-18
701,Roselle Jore,50,2006,Iran,2026-02-17
702,Massimiliano Tulleth,21,1477,Chile,2025-06-24
703,Sylvan Patzelt,68,1187,China,2026-01-05
704,Ranee Andriveaux,18,14,Syria,2025-07-28
705,Lidia Thomasset,28,1392,Colombia,2025-10-22
706,Kath Burniston,18,1755,Russia,2025-05-19
707,Vonnie Penhearow,36,4295,Indonesia,2025-05-24
708,Hervey Jeromson,65,3402,South Africa,2025-07-24
709,Jessey Tricker,35,2990,France,2026-01-02
710,Fiorenze Tayspell,27,26,Zimbabwe,2025-08-07
711,Tish Prati,41,3799,China,2026-01-26
712,Sonny Geaney,42,3960,Indonesia,2026-03-18
713,Marietta Bibbie,49,4619,Thailand,2025-05-07
714,Margeaux Pellamont,70,3666,Sweden,2025-08-29
715,Alleen McCarty,37,4169,Uganda,2025-07-16
716,Claude Cartmale,52,3730,Israel,2026-01-02
717,Kahlil Shepeard,45,1450,Bangladesh,2025-06-27
718,Bryon Stennett,24,506,China,2025-10-09
719,Willa Brierton,58,2658,Indonesia,2026-04-10
720,Guinevere Claremont,29,113,Brazil,2025-06-13
721,Maurene Orans,35,417,China,2026-01-13
722,Yolanthe Scrauniage,23,3575,Portugal,2025-05-11
723,Melanie Livesley,21,4079,Poland,2026-02-04
724,Micki Stolberg,46,1811,China,2026-02-03
725,Barton Saldler,24,2347,United States,2025-04-16
726,Laureen Gibbens,56,499,Japan,2025-06-24
727,Anastasia Dunklee,45,4734,Japan,2025-09-20
728,Hillie Corlett,19,3299,Japan,2026-02-20
729,Annelise Pinckney,30,1905,Indonesia,2026-02-12
730,Jocko Vaillant,42,1472,Slovenia,2025-08-09
731,Cynthea Silverlock,32,3131,Argentina,2026-02-26
732,Amata Labin,39,3548,Colombia,2025-11-13
733,Adrian McGinley,62,170,Finland,2025-07-15
734,Linell Tothe,34,2237,Jamaica,2026-04-03
735,Muire Dayment,25,723,Switzerland,2026-03-11
736,Jay Troctor,61,3486,China,2025-08-14
737,Tim Elson,46,834,Russia,2025-11-21
738,Eba Ondracek,28,4891,China,2025-07-07
739,Sadie Thornton,18,1980,China,2025-12-17
740,Kali MacIntosh,44,1851,Albania,2025-12-21
741,Abigail Ashingden,33,2114,Peru,2026-01-04
742,Alisun Francioli,50,1839,Indonesia,2026-03-23
743,Alphonso Rosenblad,35,4764,Brazil,2025-05-11
744,Asher Leslie,58,345,China,2026-03-10
745,Frederica Sunner,69,304,Indonesia,2025-07-15
746,Donall Andrez,23,4290,Portugal,2026-03-28
747,Thorvald Gibson,48,1089,Argentina,2026-01-31
748,Jaimie Klain,34,3235,France,2025-09-29
749,Pippo Pyvis,64,2811,Ukraine,2025-06-10
750,Link Waltering,18,2070,Brazil,2026-02-18
751,Elden Sievewright,53,4989,China,2025-05-22
752,Rodina Olanda,43,543,Indonesia,2025-09-28
753,Demetre Gooderridge,32,3438,Russia,2025-08-31
754,Abbie Fowden,34,346,Indonesia,2025-11-08
755,Lucias Gilliam,46,3234,China,2025-12-07
756,Clerc Bostick,30,1273,Indonesia,2025-04-26
757,Ardath Lauridsen,22,2223,Poland,2025-10-30
758,Laughton McTerry,51,281,China,2025-10-10
759,Angela Bierton,52,4319,Ecuador,2025-05-22
760,Addie Ladloe,21,136,China,2026-01-27
761,Rowan Willcot,25,1365,China,2025-12-16
762,Jessalyn Nettles,33,516,Poland,2025-08-12
763,Rina Pester,20,4540,Indonesia,2026-04-11
764,Keslie Cottie,48,4249,Russia,2025-12-05
765,Cybil Jobbins,68,4952,Czech Republic,2025-05-06
766,Ermin Lilian,55,648,Indonesia,2025-07-24
767,Sanford Tutchings,49,1357,Philippines,2026-03-19
768,Falito Butland,34,2085,Portugal,2025-12-07
769,Gillan Birtonshaw,64,780,Dominican Republic,2025-11-15
770,Thurstan McKerton,20,3198,Bulgaria,2025-07-10
771,Reena Mote,42,2756,South Sudan,2026-02-14
772,Maria Somes,49,153,Thailand,2025-05-18
773,Dayle Bezarra,31,2171,Croatia,2026-02-09
774,Stacey Demchen,47,3880,Sweden,2025-05-31
775,Johnnie Carnaman,38,2082,Norway,2025-10-11
776,Eartha Bentote,33,556,United States,2025-10-24
777,Naomi Wainwright,34,4546,Poland,2025-08-19
778,Heath Portress,45,3828,Malaysia,2025-10-20
779,Cristine Barefoot,48,4332,Myanmar,2026-01-26
780,Tabb Urch,59,4110,China,2025-08-08
781,Salvidor Abbay,53,4085,China,2025-07-24
782,Rhett Murrigans,43,3684,Canada,2025-09-30
783,Korey Rennles,59,246,France,2026-02-02
784,Madelon Haney`,43,4202,Russia,2026-01-10
785,Miriam Cumberpatch,18,1788,Mexico,2026-04-09
786,Helli Felgat,32,493,Philippines,2025-08-27
787,Rosanna Jerche,23,3198,Peru,2026-02-02
788,Redford Leguey,22,3739,Russia,2025-09-19
789,Winfred Mozzini,32,132,China,2025-07-19
790,Erskine Tunn,27,4284,Philippines,2025-10-08
791,Addie Scandroot,45,1644,China,2025-11-09
792,Andree Portriss,25,1253,France,2026-02-16
793,Ingmar Klezmski,28,722,Poland,2026-01-21
794,Maire Nulty,59,1542,Ireland,2025-07-24
795,Bud Jindrich,49,3022,Albania,2025-08-20
796,Tanitansy Ingraham,46,2320,Canada,2025-08-03
797,Toddie Pietrzyk,54,3260,Peru,2026-01-26
798,Rosetta Clair,43,829,France,2025-12-27
799,Maxie Romanin,57,3614,Japan,2025-06-26
800,Kaylee Zuker,19,417,Russia,2026-03-13
801,Allix Bilfoot,67,645,Poland,2026-01-22
802,Vita Ayllett,28,1552,China,2025-05-02
803,Ellette Thynn,56,83,China,2025-11-24
804,Kattie Hullin,34,4492,Sweden,2025-12-04
805,Domenic Gorini,63,2796,Venezuela,2025-05-08
806,Tabby Hattoe,46,4621,Ecuador,2025-05-14
807,Sheppard Grimditch,61,3659,China,2025-07-01
808,Dacia Tubb,41,2268,Russia,2025-07-11
809,Ursulina Agastina,26,88,Philippines,2025-04-16
810,Kurt Cohen,21,4364,China,2026-03-10
811,Syd Arkle,69,3908,Botswana,2026-01-10
812,Bell Menlow,43,2398,China,2026-01-13
813,Carlo Wyatt,24,1720,China,2025-08-15
814,Ashely Marvin,70,2349,China,2025-11-02
815,Jerrie Caldaro,30,1909,China,2025-04-19
816,Price Van Oord,70,4071,Indonesia,2026-03-31
817,Valeria Schimoni,64,1943,Brazil,2026-03-20
818,Louella Mallan,27,2137,Portugal,2025-11-09
819,Leroy Biever,62,1015,Indonesia,2025-10-17
820,Abbye Kenyon,57,1241,China,2025-04-20
821,Ivor Housecraft,49,4260,Peru,2026-02-07
822,Muffin Hambleton,51,1115,Russia,2026-02-18
823,Doretta Wooller,62,791,Afghanistan,2025-11-24
824,Ginger Elie,42,4972,Poland,2025-12-24
825,Marve Noraway,31,935,Philippines,2025-12-06
826,Brig Eichmann,34,1788,Peru,2025-09-19
827,Pauli Swindley,29,953,Tunisia,2026-02-28
828,Coraline Wansbury,64,1210,Philippines,2025-10-03
829,Mendy Lacotte,62,3348,Yemen,2025-09-24
830,Ervin Dacres,69,4876,Portugal,2025-09-18
831,Raychel Baggs,19,2962,Honduras,2025-05-29
832,Nadeen Biss,48,1037,Indonesia,2025-09-06
833,Salvador Blakely,48,2460,China,2026-01-08
834,Elberta Milliken,49,3737,Brazil,2026-01-09
835,Wesley Bollom,43,714,United States,2025-11-16
836,Myrah Renihan,19,119,Indonesia,2025-11-09
837,Curran Aseef,26,2897,Botswana,2025-10-07
838,Yurik Scammonden,57,2383,Japan,2026-04-14
839,Wye Boice,56,875,Indonesia,2026-01-16
840,Janaye Heavens,25,1033,Canada,2025-05-01
841,Audy Bromont,68,3301,China,2025-09-06
842,Karoly Cristobal,69,1307,United States,2025-10-17
843,Latrena Richardes,39,2240,Portugal,2025-06-20
844,Sylvia Gait,59,651,China,2025-07-01
845,Roobbie Eichmann,63,4978,China,2025-12-18
846,Mame Shadwick,41,1590,Peru,2025-09-26
847,Andrus Emptage,66,1808,Tunisia,2025-08-08
848,Donnajean Ramsted,68,3528,Pakistan,2026-04-14
849,Bonnie Sambedge,51,2125,Indonesia,2025-12-12
850,Nappy Britch,19,2364,Philippines,2026-02-22
851,Josh Bovey,69,2609,Tanzania,2025-12-21
852,Dennie Lismore,39,4090,China,2025-08-22
853,Shea Swanson,49,3931,China,2025-06-13
854,Grange Ciccarello,57,3173,Dominican Republic,2025-09-10
855,Drusy Krolle,64,1438,Russia,2025-11-22
856,Elianore Raye,27,3664,Peru,2025-12-05
857,Aveline Rosini,42,2406,Cyprus,2025-05-22
858,Codi Jelf,22,1645,Colombia,2025-08-15
859,Lucilia Burgon,50,4850,Indonesia,2025-10-07
860,Gwendolin Duxbury,20,4389,Sweden,2025-10-03
861,Maurita Wherrit,42,758,United States,2025-11-05
862,Willey Moiser,31,698,Ireland,2025-05-21
863,Bonnee Wooderson,31,1532,Czech Republic,2025-08-30
864,Stafani Brake,32,4512,Philippines,2025-08-06
865,Virginie MacBrearty,47,3628,Vietnam,2025-10-30
866,Glory Regus,34,3749,Indonesia,2025-05-22
867,Chickie Ponceford,42,686,Indonesia,2025-10-26
868,Cathrine Hoyle,32,20,China,2025-07-25
869,Deeanne Grace,47,2955,Philippines,2025-07-03
870,Tobin Woodberry,60,4564,China,2025-12-23
871,Elli Lamar,65,57,Sweden,2026-03-16
872,Murvyn Crake,32,989,Russia,2025-08-05
873,Graeme Mailes,46,1905,Sweden,2025-10-20
874,Sara Bachelor,47,2076,Thailand,2025-11-18
875,Minerva Blaszczak,61,2852,Indonesia,2025-09-18
876,Finn Wennington,50,2271,Philippines,2025-12-05
877,Minnnie Wloch,42,1171,Morocco,2025-11-30
878,Nathalie Norree,19,627,Indonesia,2025-10-29
879,Kira Bianco,54,4030,Argentina,2025-10-14
880,Otha Suddell,52,4438,Egypt,2025-06-01
881,Ronnica Benedidick,59,3691,Thailand,2026-01-11
882,Cherida Daniel,64,3027,China,2025-07-22
883,Lindy Stratiff,35,767,Colombia,2025-07-24
884,Arron Beadon,66,4666,Kazakhstan,2026-02-22
885,Caryl Kneesha,23,3423,Senegal,2025-06-23
886,Berkie Squirrell,40,1069,China,2025-06-30
887,Guthry Dallyn,70,3122,Czech Republic,2026-03-26
888,Barrie Wreak,44,4537,Nicaragua,2025-10-03
889,Alis Haddick,24,2243,Russia,2025-06-27
890,Gerri Varian,21,408,Czech Republic,2025-10-07
891,Richard Bilsford,56,4173,South Korea,2025-11-14
892,Herbert Hannum,45,3538,Philippines,2026-01-11
893,Merle Sutterby,46,2502,Sweden,2025-08-12
894,Berk Saladin,49,2191,Ukraine,2026-01-03
895,Jesselyn Mather,19,1547,Portugal,2025-12-28
896,Ofelia Sirett,35,1570,Slovenia,2026-02-07
897,Rachael Magovern,59,1634,United States,2025-04-26
898,Brear Fairs,35,857,Poland,2026-04-11
899,Frederich Reville,42,393,China,2025-10-31
900,Cointon Munday,18,1987,Saudi Arabia,2025-09-19
901,Petronia Papaccio,27,325,Nigeria,2025-12-21
902,Rebecca Kivlehan,34,4571,Brazil,2025-04-23
903,Florri Tweed,63,2454,Philippines,2025-06-29
904,Aggie Paszek,43,2734,China,2025-09-04
905,Brannon Bernardelli,34,4598,Philippines,2025-05-22
906,Laural Earengey,66,1985,Greece,2025-06-21
907,Valenka Gregine,66,2162,Russia,2025-06-12
908,Rex Philipsohn,28,643,Russia,2025-08-13
909,Jarred Mitchinson,54,4362,United States,2026-03-05
910,Shalom Habard,34,3910,United States,2025-08-09
911,Daisy Heinl,56,666,Portugal,2026-01-16
912,Rodney Heritege,36,1061,Czech Republic,2026-01-25
913,Bernarr Gosnay,55,4677,Nigeria,2025-05-04
914,Diena Dietsche,19,618,United States,2025-06-15
915,Jeannette Ales0,55,2226,Argentina,2025-11-28
916,Donetta Keegan,33,1668,Germany,2025-09-23
917,Andrey Champneys,67,3413,Russia,2026-03-06
918,Zorana MacGee,19,4980,Colombia,2025-05-19
919,Somerset Burdytt,67,3788,Portugal,2025-07-23
920,Eyde Vecard,70,2887,Poland,2025-04-29
921,Viviana Dabourne,65,3579,China,2025-04-29
922,Kit Mouland,58,4374,Netherlands,2025-10-25
923,George Hains,50,656,China,2025-10-18
924,Neala Hales,23,3270,Sudan,2026-02-15
925,Binky McJury,23,4499,China,2025-06-19
926,Lane Jorissen,56,112,Tajikistan,2025-11-15
927,Kimberlee Capozzi,49,3479,Indonesia,2026-03-26
928,Maxie Tutchener,64,4818,Costa Rica,2025-05-03
929,Robyn Codlin,70,1624,Mexico,2025-05-07
930,Agnola Seedman,53,3926,China,2025-07-14
931,Jayson Regorz,50,2021,Philippines,2025-12-11
932,Niki Penelli,26,3123,China,2026-02-19
933,Shannen Ginner,62,3812,Cameroon,2025-05-15
934,Waring Dormon,60,477,Poland,2025-06-01
935,Gordy Ganley,50,2173,Poland,2026-02-18
936,Fedora Kalkofer,65,1241,China,2026-03-02
937,Arlene Langthorne,51,259,China,2026-04-13
938,Eada O'Crevy,22,3426,Russia,2025-07-29
939,Violante Gayton,24,4415,China,2025-07-12
940,Mel Asman,37,4911,Libya,2026-01-26
941,Libbi Choat,23,2655,Philippines,2026-02-15
942,Dill Boutton,36,44,Indonesia,2026-01-13
943,Chelsae Bynert,22,4047,China,2026-04-02
944,Rubina Coalbran,56,164,United States,2025-05-25
945,Colman Medforth,46,223,Portugal,2025-04-29
946,Glori de Keyser,46,265,New Zealand,2025-07-19
947,Nadya Lawles,27,2182,Ukraine,2025-11-29
948,Lorianna Duddell,37,3254,Colombia,2026-02-02
949,Caria Di Pietro,49,4655,Indonesia,2025-09-07
950,Jan Eckels,65,4202,Japan,2025-05-05
951,Cyndie Wreiford,56,4361,Sweden,2025-08-16
952,Neall Kording,38,4884,Sri Lanka,2025-09-21
953,Diandra Shilladay,34,809,Azerbaijan,2025-08-22
954,Jeni Toffolini,53,3464,Dominican Republic,2025-06-20
955,Conrado Underwood,56,2413,Azerbaijan,2025-11-14
956,Katey Simants,56,2520,South Africa,2025-09-05
957,Gena Divill,21,4352,Norway,2025-04-18
958,Donnamarie Alven,33,1566,China,2026-03-16
959,Lea Pitrelli,20,2754,China,2026-03-27
960,Meredithe Howarth,33,1262,Sweden,2026-02-14
961,Marcille Densun,49,10,France,2025-06-11
962,Modestia Dudeney,28,899,China,2025-04-24
963,Chere Hamsher,50,4261,Serbia,2026-01-08
964,Birgitta Chartman,43,4269,Brazil,2025-10-01
965,Giorgi Buntine,21,70,China,2025-11-11
966,Kipp Gunney,44,4376,Russia,2025-08-18
967,Paloma Gorgl,31,4959,Burkina Faso,2025-12-29
968,Gates Spreull,21,4983,Japan,2025-08-15
969,Elton Curgenuer,54,4920,Thailand,2026-02-06
970,Bobette Syratt,40,2571,Indonesia,2025-09-12
971,Ferguson Rotherham,61,2201,Poland,2026-03-16
972,Vivyanne Rigbye,47,4086,Japan,2025-04-20
973,Jenn Schimank,68,3231,China,2025-04-24
974,Ewen Durbin,67,4819,Northern Mariana Islands,2025-06-22
975,Rosana Alesbrook,40,4152,Russia,2025-06-14
976,Maible Matschuk,44,4490,Russia,2026-02-09
977,Cora Boar,36,2474,Russia,2025-12-31
978,Francesca Kersey,70,2444,Indonesia,2026-03-22
979,Muire Mattaus,55,3605,China,2026-04-07
980,Fleming Lagde,65,1803,China,2026-03-06
981,Aurel Menloe,34,3493,Sweden,2026-03-13
982,Waneta O'Mailey,27,1872,Brazil,2025-09-18
983,Rivkah Glanfield,26,4950,Finland,2026-01-09
984,Myrtice McVity,49,4608,Canada,2025-08-31
985,Chantalle Brolly,29,4280,China,2025-10-16
986,Winna Tripon,47,4418,Russia,2025-10-20
987,Valencia Handrock,28,4351,Yemen,2025-11-07
988,Savina Blann,69,3242,Bangladesh,2026-02-23
989,Ellette Meeson,30,2983,Vietnam,2025-12-09
990,Stafford Hagan,27,221,Botswana,2026-03-07
991,Selby Dowdle,28,3071,Albania,2025-12-27
992,Lyn Baxill,18,394,China,2026-02-27
993,Isidore Smallpiece,38,2281,Poland,2025-10-03
994,Rolf Keedwell,23,934,Indonesia,2026-02-06
995,Tom ducarme,58,4080,France,2026-03-18
996,Tansy Bloxholm,42,2524,Indonesia,2025-11-29
997,Gustavo Down,62,1749,China,2026-02-13
998,Nelson Corssen,38,2957,Serbia,2025-10-22
999,Shelbi Ronnay,36,3445,Venezuela,2026-01-03
1000,Lyon Blueman,22,2168,Thailand,2026-04-10
