customer_id,name,age,purchas_amount,country,date,age_group,purchase_category
1,Conny Evennett,19,2900,China,2026-03-23,Young Adult,VIP
2,Blane Chomiszewski,68,3042,United States,2026-04-10,Senior,VIP
3,Daphne Gilbert,43,3134,Indonesia,2025-06-08,Adult,VIP
4,Krishna Koop,40,4832,Jamaica,2025-08-22,Adult,VIP
5,Dody Rigge,45,2008,United States,2025-05-19,Adult,VIP
6,Rusty Rainger,39,4266,Lithuania,2025-11-08,Adult,VIP
7,Anna-diana Prigg,48,1715,China,2025-04-24,Adult,VIP
8,Eleanor Cotta,56,541,Namibia,2025-09-09,Senior,High
9,Bondy Ridolfi,68,3877,Indonesia,2025-09-01,Senior,VIP
10,Halsey Zukierman,22,580,Russia,2026-03-12,Young Adult,High
11,Prince Filov,22,4802,France,2026-03-20,Young Adult,VIP
12,Pieter Hubbert,32,553,Vietnam,2026-03-11,Young Adult,High
13,Mikey Wogan,56,2452,Sweden,2025-11-11,Senior,VIP
14,Lucas Jeggo,48,2087,China,2025-11-23,Adult,VIP
15,Alverta Gayne,67,2901,Laos,2026-04-15,Senior,VIP
16,Valry Cheson,51,3226,United States,2025-08-06,Senior,VIP
17,Trstram Neesam,27,1450,Czech Republic,2025-10-26,Young Adult,VIP
18,Issiah Pietraszek,35,1176,China,2025-08-03,Young Adult,VIP
19,Evangeline Robathon,69,1977,China,2025-05-01,Senior,VIP
20,Madelon Yuryichev,60,3353,Indonesia,2025-09-13,Senior,VIP
21,Ingrid Crumpton,31,3971,Brazil,2025-06-07,Young Adult,VIP
22,Gwendolyn Henken,37,1965,Russia,2025-08-04,Adult,VIP
23,Kerrie Stranaghan,57,1971,Poland,2026-01-14,Senior,VIP
24,Abner Michal,29,962,China,2025-09-24,Young Adult,High
25,Johnny Cockrill,58,3185,Sweden,2025-06-12,Senior,VIP
26,Kaylyn Deans,66,4557,Yemen,2025-09-24,Senior,VIP
27,Lyndell Abramamov,21,3128,China,2025-10-14,Young Adult,VIP
28,Cleve Liptrot,18,791,Mauritius,2026-01-28,Teen,High
29,Brucie Foxley,43,2350,Libya,2025-04-26,Adult,VIP
30,Rosamond Boord,23,3834,Indonesia,2025-04-25,Young Adult,VIP
31,Brigitta Konrad,36,437,Indonesia,2025-12-20,Adult,Medium
32,Helaine McMurthy,30,1695,Philippines,2026-02-23,Young Adult,VIP
33,Steve Attril,55,165,Poland,2026-03-14,Senior,Medium
34,Anya Wimmers,49,3074,Czech Republic,2025-07-05,Adult,VIP
35,Hirsch Brennans,70,4829,Lebanon,2026-03-06,Senior,VIP
36,Marrissa Parkes,62,2214,Philippines,2025-07-22,Senior,VIP
37,Prisca Mark,23,3028,Madagascar,2025-07-23,Young Adult,VIP
38,Kingston Hackney,45,4123,Indonesia,2025-07-10,Adult,VIP
39,Ave Redd,47,3176,Nigeria,2025-09-30,Adult,VIP
40,Filmer Euplate,27,2225,Indonesia,2026-01-22,Young Adult,VIP
41,Ethyl McDonogh,52,3920,Indonesia,2025-10-20,Senior,VIP
42,Hagan Binning,66,2097,Indonesia,2025-09-01,Senior,VIP
43,Abbot Minor,40,3564,Ireland,2025-06-06,Adult,VIP
44,Aigneis Betteridge,45,3563,Greece,2025-07-04,Adult,VIP
45,Tory Bereford,68,457,Indonesia,2025-05-29,Senior,Medium
46,Nance Lidgely,31,1696,Philippines,2025-11-26,Young Adult,VIP
47,Doretta Bront,54,4463,Ukraine,2025-08-10,Senior,VIP
48,Greer Obert,56,1028,Philippines,2025-09-27,Senior,VIP
49,Verney Yegorchenkov,43,2074,China,2025-11-24,Adult,VIP
50,Saw Abeles,21,2006,Mongolia,2025-12-22,Young Adult,VIP
51,Ignaz Murrells,19,492,Indonesia,2025-12-19,Young Adult,Medium
52,Klaus Donat,18,3496,French Polynesia,2026-01-25,Teen,VIP
53,Susanne Knutsen,26,4668,Portugal,2025-06-15,Young Adult,VIP
54,Rik Leyman,65,4252,United States,2026-02-22,Senior,VIP
55,Omar Ivy,26,423,United Arab Emirates,2026-01-16,Young Adult,Medium
56,Tammi Brooksby,21,3013,Philippines,2026-01-25,Young Adult,VIP
57,Genni Scamwell,32,4556,Thailand,2025-06-20,Young Adult,VIP
58,Korey Moreside,18,3796,Vietnam,2025-05-10,Teen,VIP
59,Editha Figure,62,3303,Indonesia,2025-07-14,Senior,VIP
60,Maia Dampney,45,2558,Indonesia,2026-03-01,Adult,VIP
61,Prent Petricek,36,3578,Mongolia,2026-02-03,Adult,VIP
62,Regine Tebbet,29,808,Argentina,2025-10-16,Young Adult,High
63,Arluene Bees,20,2224,Portugal,2025-10-08,Young Adult,VIP
64,Esra Fache,22,4163,Palau,2025-08-21,Young Adult,VIP
65,Malena Lindley,50,239,South Africa,2026-02-20,Adult,Medium
66,Gannie Boissieux,31,164,Somalia,2025-05-09,Young Adult,Medium
67,Thom Einchcombe,42,4064,China,2026-04-02,Adult,VIP
68,Freddie Follet,42,4095,China,2025-06-09,Adult,VIP
69,Kippy O'Carmody,19,30,China,2025-10-31,Young Adult,Low
70,Dorise Pomfrey,50,2178,Russia,2025-08-12,Adult,VIP
71,Kariotta Trevallion,59,925,United States,2025-06-29,Senior,High
72,Derry Handrok,55,2829,China,2025-08-10,Senior,VIP
73,Lin Westberg,61,3967,Argentina,2025-12-16,Senior,VIP
74,Giacobo Bernadon,53,4414,Indonesia,2025-05-15,Senior,VIP
75,Pascale Fake,58,440,Thailand,2025-07-10,Senior,Medium
76,Nerty Kirwan,57,1107,China,2025-12-07,Senior,VIP
77,Chaddie Diehn,61,3061,Indonesia,2025-09-07,Senior,VIP
78,Lindsay Briggs,37,372,United States,2026-04-05,Adult,Medium
79,Wylie Drennan,42,784,China,2025-06-21,Adult,High
80,Matthaeus Bosenworth,36,4354,China,2026-01-06,Adult,VIP
81,Gabi Goodinson,60,4294,Indonesia,2025-12-15,Senior,VIP
82,Clifford Lockhead,19,2873,Canada,2025-08-27,Young Adult,VIP
83,Patty Corke,20,4823,Thailand,2025-08-17,Young Adult,VIP
84,Lorrayne Putnam,24,657,China,2025-04-30,Young Adult,High
85,Griffie Elcum,44,1729,Poland,2025-04-25,Adult,VIP
86,Ramonda Handrok,63,3656,Mayotte,2025-06-17,Senior,VIP
87,Jennette Huniwall,23,317,Czech Republic,2025-08-11,Young Adult,Medium
88,Bruce Aliman,55,4058,Russia,2025-05-30,Senior,VIP
89,Angel Burnapp,25,2223,Georgia,2025-09-13,Young Adult,VIP
90,Fanechka Kington,33,3550,Germany,2025-05-06,Young Adult,VIP
91,Baily Vallantine,39,2928,China,2025-10-11,Adult,VIP
92,Shirline Hriinchenko,43,2631,Mexico,2026-02-02,Adult,VIP
93,Kurtis Birdseye,35,4549,Russia,2025-09-15,Young Adult,VIP
94,Tarrah Sweetsur,64,1542,Morocco,2025-11-16,Senior,VIP
95,Cooper Redmore,57,3391,Greece,2026-03-04,Senior,VIP
96,Prince Delaney,58,2545,Philippines,2026-04-08,Senior,VIP
97,Roselle Mehaffey,45,3148,China,2026-01-14,Adult,VIP
98,Xylia Munns,66,3976,Marshall Islands,2026-02-07,Senior,VIP
99,Massimiliano Havelin,43,3695,Macedonia,2025-09-08,Adult,VIP
100,Herta Choulerton,29,2137,Afghanistan,2025-07-24,Young Adult,VIP
101,Kin McLarens,19,3411,Mexico,2026-01-18,Young Adult,VIP
102,Nancee Keady,21,4197,China,2026-01-05,Young Adult,VIP
103,Urbain Yearne,56,899,Ecuador,2026-01-09,Senior,High
104,Justina Deverose,31,4323,Brazil,2026-01-09,Young Adult,VIP
105,Peyter Iredell,37,3687,Indonesia,2025-11-29,Adult,VIP
106,Godiva Thresher,39,2218,Russia,2026-03-01,Adult,VIP
107,Alexi Ciotti,23,431,Philippines,2025-11-23,Young Adult,Medium
108,Brandice Headey,55,4011,Indonesia,2025-11-16,Senior,VIP
109,Saunder Mc Meekin,65,4445,Colombia,2025-08-05,Senior,VIP
110,Sorcha Rhodes,58,2636,Greece,2025-09-05,Senior,VIP
111,Kleon Amott,52,1017,Kazakhstan,2025-12-12,Senior,VIP
112,Jacki Behneke,48,299,Panama,2025-06-28,Adult,Medium
113,Gwenny Saylor,46,3139,China,2026-01-15,Adult,VIP
114,Ronni Prosser,50,1597,France,2026-04-08,Adult,VIP
115,Maurise Goodered,25,2992,Czech Republic,2026-02-02,Young Adult,VIP
116,Jacquelyn Sussans,34,4097,Philippines,2025-07-17,Young Adult,VIP
117,Nerita Pirie,52,4730,Indonesia,2026-03-30,Senior,VIP
118,Rik Aldine,30,398,Indonesia,2025-06-25,Young Adult,Medium
119,Odella Raiman,42,1016,Mauritius,2026-04-15,Adult,VIP
120,Cicily Grellier,28,2296,Indonesia,2025-05-22,Young Adult,VIP
121,Stephanus Delete,35,4821,Mexico,2025-09-21,Young Adult,VIP
122,Karmen Yarrington,51,1631,Brazil,2026-03-19,Senior,VIP
123,Launce Haddy,52,4159,Philippines,2025-09-26,Senior,VIP
124,Clyde Novichenko,25,4977,China,2025-09-08,Young Adult,VIP
125,Eadith Lodovichi,35,2215,Indonesia,2026-02-06,Young Adult,VIP
126,Donn Pagel,22,1087,Philippines,2025-09-02,Young Adult,VIP
127,Janeczka Ollet,54,3219,Portugal,2026-02-17,Senior,VIP
128,Tracee Amis,36,4561,Croatia,2025-08-24,Adult,VIP
129,Dinah Jindracek,69,236,Indonesia,2026-01-01,Senior,Medium
130,Kory Isenor,56,2044,Serbia,2025-10-29,Senior,VIP
131,Giorgio Browell,54,3466,Indonesia,2025-08-27,Senior,VIP
132,Gordon Trorey,52,688,China,2026-04-02,Senior,High
133,Blondie Izkoveski,34,2662,China,2025-05-22,Young Adult,VIP
134,Christoffer Treadger,63,1580,France,2025-05-13,Senior,VIP
135,Roxanna McCully,46,3865,Sweden,2025-11-28,Adult,VIP
136,Lavena Cluckie,33,3496,Finland,2025-09-04,Young Adult,VIP
137,Tyrone Dowers,57,3243,China,2025-08-29,Senior,VIP
138,Marietta Golledge,19,3682,Indonesia,2026-02-23,Young Adult,VIP
139,Travus Widdowfield,60,657,Philippines,2025-09-02,Senior,High
140,Noel Dring,70,13,Cape Verde,2025-10-02,Senior,Low
141,Goldina Speers,30,2226,China,2025-06-14,Young Adult,VIP
142,Otis Gander,18,3933,Philippines,2025-08-02,Teen,VIP
143,Brock Ethridge,40,2496,Argentina,2025-12-14,Adult,VIP
144,Krysta Stawell,46,956,China,2026-03-20,Adult,High
145,Axe Webben,70,2515,Philippines,2026-03-15,Senior,VIP
146,Kayla Yerrell,65,1711,Honduras,2025-11-02,Senior,VIP
147,Pansy Motion,41,2357,China,2025-07-19,Adult,VIP
148,Adelaida Garside,35,392,China,2026-03-10,Young Adult,Medium
149,Normand Dubique,37,4809,Russia,2026-02-16,Adult,VIP
150,Gottfried Moyne,63,1533,Brazil,2025-10-14,Senior,VIP
151,Byron Graundisson,57,289,Russia,2025-08-29,Senior,Medium
152,Andriette Bottby,58,2487,China,2025-09-10,Senior,VIP
153,Gris Murrigans,56,2404,China,2025-10-14,Senior,VIP
154,Lenka Baigent,67,223,China,2026-02-20,Senior,Medium
155,Gabi Dankov,56,1378,Brazil,2025-08-06,Senior,VIP
156,Dorene Bareham,29,3486,Luxembourg,2026-01-17,Young Adult,VIP
157,Hilliary Peinton,38,3509,China,2026-03-19,Adult,VIP
158,Silvia Strapp,44,112,Indonesia,2025-04-26,Adult,Medium
159,Rebecka Couttes,23,1947,South Korea,2025-10-23,Young Adult,VIP
160,Daune Winpenny,37,4580,China,2025-09-25,Adult,VIP
161,Neile Ayars,54,3200,United States,2025-05-02,Senior,VIP
162,Hussein Noot,27,2145,Peru,2025-08-03,Young Adult,VIP
163,Lukas Fuggles,62,4793,China,2026-03-03,Senior,VIP
164,Rufus Quinney,29,448,China,2026-03-07,Young Adult,Medium
165,Julie Dessaur,37,2776,Japan,2025-06-22,Adult,VIP
166,Rafa Griffey,56,2209,Poland,2026-01-25,Senior,VIP
167,Jemie Duplan,48,1764,Russia,2025-12-27,Adult,VIP
168,Francois Kiddye,22,3917,China,2025-07-11,Young Adult,VIP
169,Chery Iozefovich,56,1501,United States,2025-09-30,Senior,VIP
170,Umeko Penbarthy,42,940,Russia,2025-12-06,Adult,High
171,Vasilis Gricewood,69,2052,China,2026-03-26,Senior,VIP
172,Francklin Ivimey,33,1481,Russia,2025-09-23,Young Adult,VIP
173,Mathe Lanceter,46,4896,Aland Islands,2025-08-26,Adult,VIP
174,Willi Temporal,32,2765,Somalia,2025-06-21,Young Adult,VIP
175,Berky Charman,34,1975,China,2026-02-25,Young Adult,VIP
176,Shandee Autrie,27,1454,Gambia,2026-03-05,Young Adult,VIP
177,Zonnya Fereday,59,4104,Colombia,2026-02-17,Senior,VIP
178,Cord Mackriell,50,4066,Thailand,2026-02-05,Adult,VIP
179,Vaughan Roloff,69,4620,Albania,2026-03-17,Senior,VIP
180,Arel Kniveton,30,3719,China,2025-11-09,Young Adult,VIP
181,Brittany Hulbert,58,3416,China,2025-06-28,Senior,VIP
182,Lauryn Grewe,59,1804,Uganda,2025-12-31,Senior,VIP
183,Shaine Leonarde,53,3760,Brazil,2026-01-01,Senior,VIP
184,Catina Tutill,57,2920,Sweden,2025-09-04,Senior,VIP
185,Artair Ben-Aharon,33,4321,Thailand,2025-09-13,Young Adult,VIP
186,Connor Welbrock,47,4948,South Africa,2025-07-03,Adult,VIP
187,Olympia Leasor,54,4014,China,2025-09-23,Senior,VIP
188,Lynde Horsburgh,40,2048,France,2025-04-29,Adult,VIP
189,Sophey Stebbing,58,1042,Georgia,2025-04-17,Senior,VIP
190,Cindra Swepson,53,4017,Portugal,2025-10-13,Senior,VIP
191,Zacharias Eddowes,52,1366,Ukraine,2026-03-10,Senior,VIP
192,Almire Crowder,20,3532,Poland,2026-02-17,Young Adult,VIP
193,Nathan Catling,49,4430,Croatia,2025-12-29,Adult,VIP
194,Antoinette Chugg,54,1714,Colombia,2025-07-23,Senior,VIP
195,Kerby Petr,66,2431,Indonesia,2025-07-04,Senior,VIP
196,Cassondra Braxay,65,2184,China,2026-01-05,Senior,VIP
197,Chlo Glavias,46,3810,Indonesia,2026-04-04,Adult,VIP
198,Smitty Storer,61,82,Russia,2025-11-25,Senior,Low
199,Alexine Rops,57,613,China,2026-03-29,Senior,High
200,Yelena McGettrick,48,4615,Lithuania,2025-08-01,Adult,VIP
201,Katleen Raynard,27,1319,Portugal,2025-10-09,Young Adult,VIP
202,Delbert Sessions,36,4653,China,2026-04-15,Adult,VIP
203,Morty Danforth,60,1448,Latvia,2025-10-26,Senior,VIP
204,Nickie Bright,48,2544,Ukraine,2025-10-17,Adult,VIP
205,Lida Stretton,39,2288,Philippines,2025-12-25,Adult,VIP
206,Barnard Biernacki,62,2535,China,2025-11-06,Senior,VIP
207,Sheree Hubbis,67,4816,China,2025-11-25,Senior,VIP
208,Albertina Crewther,29,2693,Sweden,2025-05-29,Young Adult,VIP
209,Kirstin Crosser,26,3858,France,2025-10-21,Young Adult,VIP
210,Gayle Byforth,70,2707,China,2026-03-24,Senior,VIP
211,Allie Moyles,57,1266,Sweden,2025-06-30,Senior,VIP
212,Francoise Chalkly,63,3935,Indonesia,2025-08-03,Senior,VIP
213,Codi Giacomasso,46,247,Poland,2026-04-15,Adult,Medium
214,Page Mc Andrew,64,636,Indonesia,2025-06-01,Senior,High
215,Georgena Burkin,38,1242,Azerbaijan,2025-09-02,Adult,VIP
216,Cob Hentzer,18,3769,France,2025-06-12,Teen,VIP
217,Pennie Withur,23,1827,China,2025-05-28,Young Adult,VIP
218,Sammie Fitzackerley,21,4989,Nepal,2025-07-12,Young Adult,VIP
219,Carmelina Tupper,49,4753,Ghana,2026-03-16,Adult,VIP
220,Lars Brosnan,20,1619,Argentina,2025-12-27,Young Adult,VIP
221,Robinet Fanthom,45,4434,China,2025-09-03,Adult,VIP
222,Shellie Mapledoram,26,1402,Cambodia,2025-06-20,Young Adult,VIP
223,Dolorita Pennuzzi,70,819,Poland,2025-04-20,Senior,High
224,Brietta Labern,70,2311,Netherlands,2026-01-03,Senior,VIP
225,Karon Eshelby,34,1054,Cuba,2025-08-17,Young Adult,VIP
226,Margalo Durward,49,3816,Indonesia,2025-12-15,Adult,VIP
227,Chloette Espinal,56,1285,Russia,2026-02-18,Senior,VIP
228,Vickie Tallis,35,1858,Zambia,2026-01-01,Young Adult,VIP
229,Henrietta Mitchelhill,31,2670,Croatia,2025-06-02,Young Adult,VIP
230,Quentin Scragg,68,2026,Indonesia,2025-08-01,Senior,VIP
231,Pandora Philip,21,4607,Brazil,2025-09-03,Young Adult,VIP
232,Roxanne Rodinger,32,3975,Indonesia,2025-10-02,Young Adult,VIP
233,Adelle Szymon,64,4662,China,2026-02-25,Senior,VIP
234,Logan Selwood,68,2042,Bosnia and Herzegovina,2026-01-27,Senior,VIP
235,Bo Kurt,29,4974,Poland,2026-01-11,Young Adult,VIP
236,Mathilda Lorryman,42,4315,Portugal,2025-11-24,Adult,VIP
237,Patin Bein,23,2809,China,2025-10-02,Young Adult,VIP
238,Claude Line,54,316,Italy,2025-10-28,Senior,Medium
239,Flin Lowless,43,2451,China,2025-04-18,Adult,VIP
240,Danny Bearn,20,336,Russia,2025-11-27,Young Adult,Medium
241,Gonzalo Ege,28,818,Saudi Arabia,2026-04-03,Young Adult,High
242,Dedie Nockles,29,206,China,2026-03-14,Young Adult,Medium
243,Candie Double,47,3358,China,2026-03-14,Adult,VIP
244,Elmore Van Saltsberg,65,2929,China,2025-07-20,Senior,VIP
245,Jobie Raggatt,22,4008,China,2026-04-13,Young Adult,VIP
246,Nike D'Antuoni,22,3332,China,2026-03-02,Young Adult,VIP
247,Graehme Antalffy,48,3477,Morocco,2026-02-08,Adult,VIP
248,Ermengarde Gercken,26,984,Belarus,2025-09-15,Young Adult,High
249,Charita Creswell,41,99,Indonesia,2026-02-20,Adult,Low
250,Alyson Griston,35,1821,Russia,2025-06-25,Young Adult,VIP
251,Em Peeke-Vout,24,1123,Philippines,2026-04-07,Young Adult,VIP
252,Willamina Petyakov,42,494,Greece,2025-06-04,Adult,Medium
253,Shari Halsho,42,936,Peru,2025-12-27,Adult,High
254,Turner Mulholland,41,981,China,2025-10-19,Adult,High
255,Alvinia MacCleod,29,1339,Senegal,2025-08-10,Young Adult,VIP
256,Merrilee Ouver,39,1879,Russia,2025-04-23,Adult,VIP
257,Joleen Oatley,40,4240,Indonesia,2025-07-22,Adult,VIP
258,Juan Harrod,21,1144,North Korea,2025-05-31,Young Adult,VIP
259,Cyndia Reddecliffe,58,1161,China,2026-03-22,Senior,VIP
260,Allyson Gregg,22,4646,Croatia,2025-08-08,Young Adult,VIP
261,Anatollo Bonson,26,1721,Sweden,2025-07-20,Young Adult,VIP
262,Haven Coopland,49,301,Ukraine,2025-04-26,Adult,Medium
263,Nevile Velareal,57,2599,Serbia,2026-04-13,Senior,VIP
264,Esdras Dentith,65,3218,China,2025-11-06,Senior,VIP
265,Thia Tatham,35,1048,Russia,2025-12-06,Young Adult,VIP
266,Carleton Levene,63,1079,France,2025-07-20,Senior,VIP
267,Fons Doubrava,19,97,France,2025-09-03,Young Adult,Low
268,Lay Skirven,51,4446,Poland,2025-11-10,Senior,VIP
269,Charin Rodgier,30,936,Brazil,2026-02-05,Young Adult,High
270,Ky Ikins,56,2902,El Salvador,2026-02-06,Senior,VIP
271,Lorrie Rash,42,4800,Philippines,2025-08-15,Adult,VIP
272,Neala Flatte,21,3247,Indonesia,2025-09-10,Young Adult,VIP
273,Catha Croxley,42,1193,France,2025-11-14,Adult,VIP
274,Frederic Maginn,69,815,Peru,2026-04-06,Senior,High
275,Mickie Mariolle,24,3978,Mexico,2025-11-20,Young Adult,VIP
276,Amery Eayres,52,1553,Czech Republic,2026-01-27,Senior,VIP
277,Orran Bishop,63,3627,France,2025-08-11,Senior,VIP
278,Cindelyn Jealous,52,4346,Greece,2025-09-05,Senior,VIP
279,Edin Crace,36,2739,Indonesia,2025-12-26,Adult,VIP
280,Vanny Mutton,30,3735,China,2026-02-27,Young Adult,VIP
281,Heather Tuckett,43,427,Israel,2025-11-09,Adult,Medium
282,Aloysius Ros,29,2392,Cuba,2026-02-04,Young Adult,VIP
283,Juliann Klasing,42,3803,Philippines,2025-11-07,Adult,VIP
284,Vincent Loan,66,3608,Czech Republic,2025-07-10,Senior,VIP
285,Damian Wheadon,35,4718,Colombia,2026-04-08,Young Adult,VIP
286,Richmound Etienne,33,3269,China,2025-06-14,Young Adult,VIP
287,Federico Baigent,62,1189,Canada,2026-02-22,Senior,VIP
288,Waverly Carty,57,3622,Croatia,2025-07-21,Senior,VIP
289,Lane Scrogges,48,4913,China,2025-06-17,Adult,VIP
290,Felisha McCormick,48,646,Portugal,2025-11-11,Adult,High
291,Cointon Boch,24,1510,China,2025-05-10,Young Adult,VIP
292,Kalil Evins,31,133,Germany,2026-01-02,Young Adult,Medium
293,Desmund Thorbon,38,4806,Philippines,2026-02-24,Adult,VIP
294,Meade Force,24,4614,China,2025-05-31,Young Adult,VIP
295,Thoma Coules,50,4655,Brazil,2025-11-11,Adult,VIP
296,Clare Tunstall,53,2357,Bangladesh,2025-05-10,Senior,VIP
297,Lib Diperaus,30,2447,Brazil,2026-01-13,Young Adult,VIP
298,Yettie McKinty,39,4188,Indonesia,2026-03-15,Adult,VIP
299,Sigvard Skaid,29,622,Jordan,2025-10-01,Young Adult,High
300,Tildy Berryman,51,2251,Yemen,2025-10-19,Senior,VIP
301,Anthony Swancock,50,636,China,2025-11-19,Adult,High
302,Payton Clethro,35,3330,China,2026-04-14,Young Adult,VIP
303,Purcell Perford,33,2634,China,2025-09-13,Young Adult,VIP
304,Edin Honnan,35,3000,China,2025-09-23,Young Adult,VIP
305,Kevyn Olivier,26,2712,Brazil,2025-10-11,Young Adult,VIP
306,Faith Ainscough,49,839,Paraguay,2025-09-29,Adult,High
307,Dolorita Rickerby,58,2312,Indonesia,2025-06-03,Senior,VIP
308,Alis Garwell,57,4472,Philippines,2026-03-13,Senior,VIP
309,Sloane Sallter,60,63,France,2026-04-15,Senior,Low
310,Nerty Laurenz,45,2873,Poland,2026-04-08,Adult,VIP
311,Nicolea Porrett,35,676,Ukraine,2026-02-05,Young Adult,High
312,Ethan Bownas,42,886,Philippines,2025-05-27,Adult,High
313,Edlin Speed,44,4230,Philippines,2025-10-04,Adult,VIP
314,Daisi Coveny,47,2359,Greece,2026-02-13,Adult,VIP
315,Dani Ravillas,54,4844,Indonesia,2025-12-22,Senior,VIP
316,Maxy Jolland,24,759,Russia,2025-09-11,Young Adult,High
317,Leoline Ruppert,18,1877,Finland,2025-11-06,Teen,VIP
318,Jeri Onion,38,2890,Peru,2025-12-31,Adult,VIP
319,Madonna Laughnan,57,2067,Indonesia,2025-09-21,Senior,VIP
320,Arther Spelman,52,247,Russia,2025-12-02,Senior,Medium
321,Charline Catlow,52,4993,France,2025-07-30,Senior,VIP
322,Dietrich Broddle,55,3922,China,2025-06-17,Senior,VIP
323,Kearney Prazor,32,548,Bolivia,2025-10-17,Young Adult,High
324,Fairleigh Ducker,53,2398,Sweden,2025-12-19,Senior,VIP
325,Drusilla Legion,54,3605,Russia,2025-07-18,Senior,VIP
326,Demetris Pringour,39,2299,Poland,2026-01-14,Adult,VIP
327,Lothaire Dunguy,36,306,Colombia,2026-02-08,Adult,Medium
328,Cacilie Brounfield,37,4103,Norway,2025-07-25,Adult,VIP
329,Darryl Reid,43,3502,Portugal,2025-12-08,Adult,VIP
330,Augy Toft,40,3754,Mozambique,2025-06-17,Adult,VIP
331,Ajay Morritt,22,1915,China,2025-04-17,Young Adult,VIP
332,Allene Pynner,68,1170,Kenya,2025-07-05,Senior,VIP
333,Shoshana Judson,55,2576,United States,2026-03-30,Senior,VIP
334,Kippar Sullly,54,2557,Poland,2025-06-15,Senior,VIP
335,Idette Falconer,60,1284,China,2025-06-28,Senior,VIP
336,Mallissa Holsall,69,4057,Cameroon,2025-04-29,Senior,VIP
337,Cybil Wellen,70,4486,Indonesia,2025-05-05,Senior,VIP
338,Raimundo Swain,42,3756,China,2025-11-30,Adult,VIP
339,Leonore Hylands,44,684,Albania,2025-12-11,Adult,High
340,Rick Shone,58,1267,Vietnam,2025-10-03,Senior,VIP
341,Toddy Crellin,47,4341,Brazil,2025-05-08,Adult,VIP
342,Randolph Seeds,32,3291,China,2025-07-21,Young Adult,VIP
343,Christian Kearle,32,4956,Indonesia,2026-01-01,Young Adult,VIP
344,Chrisse Delouch,35,2870,Russia,2025-11-14,Young Adult,VIP
345,Gayle Hirtzmann,18,2546,Indonesia,2025-04-27,Teen,VIP
346,Phillis O' Quirk,59,818,China,2025-09-08,Senior,High
347,Milicent Andrysiak,65,1558,China,2025-07-31,Senior,VIP
348,Myron Slocomb,69,432,Morocco,2025-12-06,Senior,Medium
349,Adore Forster,21,4326,Indonesia,2025-07-04,Young Adult,VIP
350,Nicol Egdal,19,3478,Philippines,2026-03-02,Young Adult,VIP
351,Marieann de la Valette Parisot,24,1878,France,2025-11-16,Young Adult,VIP
352,Nels Billington,33,1618,United States,2025-10-15,Young Adult,VIP
353,Balduin McClunaghan,39,853,China,2026-01-24,Adult,High
354,Saunders Ryott,19,1254,Nigeria,2026-03-05,Young Adult,VIP
355,Brnaby Spradbery,19,739,Philippines,2025-05-04,Young Adult,High
356,Kermie Nell,33,4392,China,2026-04-06,Young Adult,VIP
357,Dieter Kayne,56,231,Nigeria,2026-02-08,Senior,Medium
358,Tiff Puckring,54,2527,China,2025-09-21,Senior,VIP
359,Joscelin Kirkpatrick,68,3138,Brazil,2025-05-22,Senior,VIP
360,Bidget Kneeland,65,4036,Pakistan,2025-04-30,Senior,VIP
361,Frannie Sidery,18,1595,Uganda,2025-11-16,Teen,VIP
362,Malva Boyford,53,3393,Russia,2025-12-07,Senior,VIP
363,Keeley Petworth,63,4577,China,2025-11-24,Senior,VIP
364,Lorry Carnelley,68,4179,Brazil,2025-11-04,Senior,VIP
365,Isobel Given,69,1733,Russia,2026-01-26,Senior,VIP
366,Stefa Goss,59,4022,China,2025-09-22,Senior,VIP
367,Issy Ladbury,24,3170,China,2025-09-24,Young Adult,VIP
368,Joleen Cridlan,45,3815,Peru,2025-12-14,Adult,VIP
369,Hanson Kelson,25,45,Philippines,2025-05-29,Young Adult,Low
370,Brad Jezard,29,143,Indonesia,2025-07-27,Young Adult,Medium
371,Harv Teliga,37,837,El Salvador,2025-10-13,Adult,High
372,Taylor Mattiassi,30,2974,Ecuador,2025-12-19,Young Adult,VIP
373,Staci O'Currane,41,3828,Malta,2025-10-27,Adult,VIP
374,Alberik Villaron,33,638,Western Sahara,2026-01-11,Young Adult,High
375,Jaime Garbett,65,4504,Portugal,2025-09-18,Senior,VIP
376,Frederica Lydiatt,21,1090,Kazakhstan,2026-03-31,Young Adult,VIP
377,Olivette Ruberti,55,2418,China,2025-06-19,Senior,VIP
378,Alverta Kubes,45,4909,Comoros,2026-01-29,Adult,VIP
379,Levi Filipputti,61,1861,Central African Republic,2025-08-12,Senior,VIP
380,Mata Deeney,51,4697,Argentina,2026-03-21,Senior,VIP
381,Byram O'Flaverty,30,3868,Russia,2025-06-22,Young Adult,VIP
382,Bea Bim,52,3314,Indonesia,2025-11-11,Senior,VIP
383,Cissiee Randlesome,62,851,Philippines,2025-07-16,Senior,High
384,Dulcinea Coie,54,4764,China,2025-05-18,Senior,VIP
385,Verena Penswick,57,3751,Bangladesh,2025-10-03,Senior,VIP
386,Lulita Burness,40,3208,Slovenia,2025-08-29,Adult,VIP
387,Lindsy Wynrehame,58,1471,Brazil,2026-03-01,Senior,VIP
388,Darda Daton,69,311,Denmark,2025-06-08,Senior,Medium
389,Dell Pratty,68,1296,Kuwait,2026-03-29,Senior,VIP
390,Moll Brosio,47,4431,China,2025-11-26,Adult,VIP
391,Vonnie Kernan,49,3451,Portugal,2025-07-24,Adult,VIP
392,Jyoti Chipman,62,3372,Russia,2025-06-14,Senior,VIP
393,Edie Greed,63,4742,China,2025-09-04,Senior,VIP
394,Hedy Trubshaw,19,1086,Ukraine,2025-08-21,Young Adult,VIP
395,Aharon Kervin,51,3872,Kyrgyzstan,2025-07-15,Senior,VIP
396,Conan Bridgement,52,3423,Tonga,2026-01-02,Senior,VIP
397,Brigida Heggison,42,178,Russia,2025-04-21,Adult,Medium
398,Manny Ethersey,61,451,China,2025-05-08,Senior,Medium
399,Kellyann O'Shevlan,48,4343,Poland,2026-03-29,Adult,VIP
400,Raul McGroarty,47,1662,Greece,2025-08-13,Adult,VIP
401,Lancelot Aickin,46,4901,Brazil,2026-01-04,Adult,VIP
402,Hallsy Holleworth,47,4205,Russia,2025-10-15,Adult,VIP
403,Montague Sherbrook,57,3294,Peru,2025-05-04,Senior,VIP
404,Pearce Yuille,58,2430,Philippines,2026-01-15,Senior,VIP
405,Aeriell Pimer,26,3626,China,2026-02-20,Young Adult,VIP
406,Philippa Kilban,54,2433,Vietnam,2025-08-15,Senior,VIP
407,Worden Sloley,45,1724,Macedonia,2026-02-24,Adult,VIP
408,Desi Clubb,62,2309,China,2025-07-10,Senior,VIP
409,Ardisj MacMaykin,52,3560,Zimbabwe,2025-05-17,Senior,VIP
410,Keefe Akaster,26,3500,Peru,2025-10-30,Young Adult,VIP
411,Godfrey Mound,32,3317,Indonesia,2025-09-24,Young Adult,VIP
412,Boycey Brownsall,56,2172,United States,2025-07-06,Senior,VIP
413,Denna Ruck,41,3638,Indonesia,2025-08-21,Adult,VIP
414,Klarrisa Lockett,37,2500,Japan,2025-11-16,Adult,VIP
415,Ryun Peacham,30,2198,Poland,2025-04-23,Young Adult,VIP
416,Lucienne Copcote,39,660,Indonesia,2026-01-26,Adult,High
417,Monte McShane,28,704,Indonesia,2025-05-19,Young Adult,High
418,Ronna Clausner,70,3302,Ukraine,2025-09-25,Senior,VIP
419,Damien Dolby,46,646,Argentina,2025-09-28,Adult,High
420,Scotti Crinkley,56,1834,China,2026-01-08,Senior,VIP
421,Oby Kopelman,40,3468,Brazil,2025-05-07,Adult,VIP
422,Ezechiel Ivy,47,4449,Albania,2026-03-22,Adult,VIP
423,Maureen Woollin,33,2388,Ukraine,2025-08-30,Young Adult,VIP
424,Flinn Dory,38,2153,Philippines,2026-01-27,Adult,VIP
425,Vivia Beyn,22,3943,Afghanistan,2025-06-08,Young Adult,VIP
426,Stesha Gosnell,36,2865,Russia,2026-03-08,Adult,VIP
427,Ikey Welfare,53,3448,Peru,2025-06-18,Senior,VIP
428,Rockey Rollinson,40,1008,Sweden,2026-02-15,Adult,VIP
429,Gasper Renneke,57,1561,Japan,2026-02-03,Senior,VIP
430,Darryl Albrook,46,2972,Portugal,2025-06-01,Adult,VIP
431,Aubrette Prest,27,2795,Bosnia and Herzegovina,2025-12-27,Young Adult,VIP
432,Constantin Patzelt,45,1630,Argentina,2026-01-01,Adult,VIP
433,Laney Santon,26,3608,Poland,2026-03-17,Young Adult,VIP
434,Brittan Huitson,36,1148,Nigeria,2025-07-17,Adult,VIP
435,Sonnie Do Rosario,49,3458,Mexico,2025-10-12,Adult,VIP
436,Terese Trowsdale,39,1857,China,2025-10-06,Adult,VIP
437,Melisse Hyett,18,1829,Canada,2026-02-09,Teen,VIP
438,Somerset Gossart,18,3231,Sweden,2025-06-29,Teen,VIP
439,Helen-elizabeth Robichon,52,904,Iran,2025-05-09,Senior,High
440,Florian Twentyman,41,3356,France,2025-06-03,Adult,VIP
441,Eileen Rosenstock,58,1719,Tunisia,2026-01-14,Senior,VIP
442,Willyt Pawling,27,2365,China,2025-08-15,Young Adult,VIP
443,Catherina Slatten,37,4933,Indonesia,2025-09-28,Adult,VIP
444,Glennis Theakston,44,3408,Uruguay,2025-07-12,Adult,VIP
445,Dick Wisby,20,2759,Peru,2025-07-31,Young Adult,VIP
446,Sax Caldero,18,3513,Afghanistan,2025-08-13,Teen,VIP
447,Bond Wolffers,22,2517,Guatemala,2025-11-04,Young Adult,VIP
448,Wells Ridger,46,4281,Ukraine,2026-03-01,Adult,VIP
449,Wit Rubee,25,3708,Kuwait,2025-06-05,Young Adult,VIP
450,Michaela Redman,69,3783,France,2025-09-25,Senior,VIP
451,Keefer Cranage,28,3890,Syria,2025-12-16,Young Adult,VIP
452,Whitby Cricket,66,4908,Argentina,2026-03-12,Senior,VIP
453,Bridget Vigus,51,2121,Indonesia,2025-11-25,Senior,VIP
454,Rayshell Meharry,24,533,Greece,2025-12-14,Young Adult,High
455,Goldie Ludlam,25,618,Indonesia,2026-01-08,Young Adult,High
456,Marley Edwardes,68,2235,Argentina,2025-05-25,Senior,VIP
457,Bob Moyle,68,2035,South Africa,2026-01-04,Senior,VIP
458,Quinn Mahony,40,4236,Thailand,2025-05-16,Adult,VIP
459,Sloan Sweating,58,4488,China,2026-02-13,Senior,VIP
460,Marjory Shipman,41,1093,Mexico,2025-12-27,Adult,VIP
461,Ilse Hugnin,46,1909,Russia,2026-03-21,Adult,VIP
462,Tonye Furmston,59,3763,Portugal,2025-08-02,Senior,VIP
463,Esmeralda Erbain,54,534,China,2025-12-20,Senior,High
464,Mollie McCaig,64,1256,Greece,2025-04-16,Senior,VIP
465,Annecorinne Crowch,21,4224,China,2026-03-26,Young Adult,VIP
466,Nobie Wickersham,49,4569,Morocco,2025-11-14,Adult,VIP
467,Alvin Emanulsson,57,1746,Philippines,2025-05-24,Senior,VIP
468,Marcel Ranken,67,4866,Russia,2025-05-13,Senior,VIP
469,Neale Spottswood,66,2397,Macedonia,2026-02-22,Senior,VIP
470,Gare Wordley,62,4978,China,2025-07-02,Senior,VIP
471,Lottie Guilliatt,26,1920,Philippines,2025-09-21,Young Adult,VIP
472,Nolan Binion,59,2302,Norway,2025-09-28,Senior,VIP
473,Clerissa Agius,27,2296,France,2025-06-28,Young Adult,VIP
474,Zitella Vaune,36,4092,Saudi Arabia,2026-04-11,Adult,VIP
475,Dewain Woolmer,46,1064,Indonesia,2025-04-27,Adult,VIP
476,Sheri Guice,64,2222,China,2025-06-03,Senior,VIP
477,Rozanne Myerscough,46,2652,Russia,2026-03-27,Adult,VIP
478,Eddie Dutchburn,33,4484,Jamaica,2025-05-07,Young Adult,VIP
479,Tallie Tolchar,60,3695,Sweden,2025-05-06,Senior,VIP
480,Yolane Kohen,35,3729,Thailand,2025-12-16,Young Adult,VIP
481,Chryste De Andreis,37,4072,Mongolia,2025-07-31,Adult,VIP
482,Riane Wardale,50,2576,China,2026-04-05,Adult,VIP
483,Delora Early,42,3185,Albania,2025-10-13,Adult,VIP
484,Lois Glantz,39,2142,Botswana,2025-10-19,Adult,VIP
485,Mindy Waplington,20,3865,China,2025-08-06,Young Adult,VIP
486,Velma Rowcliffe,23,3090,Argentina,2025-07-02,Young Adult,VIP
487,Efrem Tooze,44,4687,Russia,2025-07-05,Adult,VIP
488,Karen Brecknall,32,1197,Serbia,2025-10-25,Young Adult,VIP
489,D'arcy Patillo,54,2525,Brazil,2025-06-10,Senior,VIP
490,Marni Beavers,56,864,Sudan,2026-03-04,Senior,High
491,Nicolle Lief,21,226,Indonesia,2025-08-10,Young Adult,Medium
492,Horacio Synnot,43,493,China,2026-01-01,Adult,Medium
493,Dirk Phettis,23,1257,Brazil,2025-09-08,Young Adult,VIP
494,Arvie Guiduzzi,54,1609,China,2025-12-17,Senior,VIP
495,Ely Northcote,45,1214,China,2025-08-03,Adult,VIP
496,Taylor Robroe,39,829,Philippines,2025-08-06,Adult,High
497,Corinna Dibdale,56,2337,Poland,2025-06-09,Senior,VIP
498,Jasun Warlock,51,328,Bulgaria,2026-01-06,Senior,Medium
499,Lyndel Ivoshin,65,42,Serbia,2026-01-11,Senior,Low
500,Tabatha Jiras,43,3492,Argentina,2025-11-15,Adult,VIP
501,Langsdon Trudgian,42,1766,Guatemala,2025-06-23,Adult,VIP
502,Wilburt Hanne,60,2067,Poland,2025-10-15,Senior,VIP
503,Clemmie Burrass,50,2392,Russia,2025-08-05,Adult,VIP
504,Lynde Ozanne,68,465,Croatia,2026-01-07,Senior,Medium
505,Tedra Andrag,18,1512,Belarus,2026-03-29,Teen,VIP
506,Irving Tombs,39,2821,Peru,2025-07-18,Adult,VIP
507,Iorgo Bolesma,70,3366,Czech Republic,2026-02-28,Senior,VIP
508,Leta Dunning,27,4230,China,2025-07-28,Young Adult,VIP
509,Arlette Aldrin,47,390,Philippines,2025-06-24,Adult,Medium
510,Carie Oley,66,2440,Indonesia,2025-11-25,Senior,VIP
511,Evyn Cockram,31,3128,Indonesia,2025-12-18,Young Adult,VIP
512,Margalo Lampard,53,3061,Indonesia,2026-04-12,Senior,VIP
513,Pen Baldwin,45,4029,Zimbabwe,2025-05-31,Adult,VIP
514,Aridatha Whorton,23,3462,Indonesia,2025-10-18,Young Adult,VIP
515,Culver Reims,30,1060,China,2025-04-19,Young Adult,VIP
516,Cherice Dowley,46,4218,France,2026-02-07,Adult,VIP
517,Lillis Vedeniktov,61,1125,Russia,2025-05-06,Senior,VIP
518,Eddie Tolumello,24,3193,Brazil,2025-08-09,Young Adult,VIP
519,Rori Gheraldi,21,348,Indonesia,2025-09-08,Young Adult,Medium
520,Aurie McCowen,65,4692,Latvia,2026-04-11,Senior,VIP
521,Gardy McTerrelly,24,1813,China,2026-01-30,Young Adult,VIP
522,Bailey Ivashintsov,42,2382,Portugal,2025-06-12,Adult,VIP
523,Rossy Kinnaird,44,1700,Brazil,2026-02-11,Adult,VIP
524,Shirline Clifford,58,3563,Chad,2025-05-30,Senior,VIP
525,Felipa Campa,59,2307,United Kingdom,2025-10-05,Senior,VIP
526,Willey Dillistone,62,3332,Sweden,2025-10-21,Senior,VIP
527,Shelley Singleton,32,4336,Indonesia,2026-03-21,Young Adult,VIP
528,Jackie O'Halloran,46,4014,Ukraine,2025-11-12,Adult,VIP
529,Lennard Tabrett,23,533,China,2025-05-19,Young Adult,High
530,Rosa Thacker,53,2030,Russia,2025-05-22,Senior,VIP
531,Marje Gonzales,22,3408,Jordan,2025-06-15,Young Adult,VIP
532,Merrilee Kermon,24,3384,Zambia,2025-08-12,Young Adult,VIP
533,Gradeigh Hurd,63,4553,Poland,2025-09-09,Senior,VIP
534,Dennie Rowter,28,941,Ukraine,2025-06-09,Young Adult,High
535,Wayland Halgarth,18,2341,China,2025-04-24,Teen,VIP
536,Rowen Hoodlass,45,4251,South Africa,2025-12-22,Adult,VIP
537,Isidro Spedroni,41,3192,Norway,2026-01-29,Adult,VIP
538,Berget Ashbey,33,702,Japan,2025-12-30,Young Adult,High
539,Lincoln Werrilow,19,4870,Slovenia,2025-11-20,Young Adult,VIP
540,Mab Wissby,22,2469,Argentina,2025-05-22,Young Adult,VIP
541,Don Lundbeck,34,4387,Serbia,2025-08-31,Young Adult,VIP
542,Eulalie Furniss,70,4746,Indonesia,2025-04-24,Senior,VIP
543,Farleigh Starton,66,3575,Japan,2025-05-11,Senior,VIP
544,Westbrooke Burrett,59,563,Sri Lanka,2025-10-29,Senior,High
545,Tracy Gealy,20,1980,Iran,2025-07-01,Young Adult,VIP
546,Minnaminnie Tingle,48,4911,Croatia,2025-08-30,Adult,VIP
547,Becki Langelaan,44,1823,China,2025-07-30,Adult,VIP
548,Bevvy Norledge,21,4397,Indonesia,2025-05-22,Young Adult,VIP
549,Loralee Beed,66,962,Peru,2025-12-07,Senior,High
550,Nomi Fish,22,701,United States,2026-04-10,Young Adult,High
551,Dorris Colby,60,884,Russia,2025-12-14,Senior,High
552,Barth Koubek,51,1290,Indonesia,2025-05-23,Senior,VIP
553,Ashby Josefsen,26,2833,Sweden,2025-05-24,Young Adult,VIP
554,Obadiah Zwicker,63,1225,Sweden,2025-06-28,Senior,VIP
555,Jermain Kurtis,34,4495,Brazil,2025-09-29,Young Adult,VIP
556,Darin Coleford,33,2888,China,2025-08-28,Young Adult,VIP
557,Uriel Sancto,32,572,Norway,2025-11-06,Young Adult,High
558,Katha Mathivat,65,3241,Philippines,2026-03-25,Senior,VIP
559,Ulla Cicco,59,4712,Indonesia,2025-10-17,Senior,VIP
560,Rutger Laneham,40,92,Portugal,2025-11-05,Adult,Low
561,Aurea Emmanuele,30,2794,Ethiopia,2025-11-07,Young Adult,VIP
562,Boigie Hunting,62,3673,China,2025-05-14,Senior,VIP
563,Elnore Gurley,28,215,Philippines,2025-05-10,Young Adult,Medium
564,Nathan Kornilyev,47,4508,Indonesia,2025-05-21,Adult,VIP
565,Borg Bolgar,22,223,Venezuela,2025-07-27,Young Adult,Medium
566,Gaston Markel,28,3942,China,2025-10-10,Young Adult,VIP
567,Ashley Christofle,39,1393,Pakistan,2026-02-22,Adult,VIP
568,Jillie Bowen,41,788,China,2025-12-19,Adult,High
569,Theresita Bateup,69,2244,China,2026-02-21,Senior,VIP
570,Jade Adamek,57,4491,Brazil,2025-08-24,Senior,VIP
571,Letisha Knipe,61,2443,China,2025-08-07,Senior,VIP
572,Fair Gatenby,58,2760,China,2025-05-24,Senior,VIP
573,Laurette Finicj,64,345,Argentina,2025-07-18,Senior,Medium
574,Grenville Antunes,39,703,Georgia,2025-04-23,Adult,High
575,Livvy Purkins,65,3677,France,2025-09-04,Senior,VIP
576,Frieda Coutthart,24,3289,China,2025-12-07,Young Adult,VIP
577,Uriel Bodiam,19,2551,Indonesia,2025-10-25,Young Adult,VIP
578,Gabriele Hamp,65,3785,Indonesia,2025-12-22,Senior,VIP
579,Jasmine Inde,68,1778,Brazil,2026-01-19,Senior,VIP
580,Nobie Matushenko,21,4215,Guatemala,2026-01-11,Young Adult,VIP
581,Dot Toquet,28,56,New Zealand,2026-04-06,Young Adult,Low
582,Patin Lemmon,18,73,Poland,2026-02-23,Teen,Low
583,Gaile Jellyman,36,3660,Czech Republic,2026-01-22,Adult,VIP
584,Whitney Banasik,19,525,China,2025-10-26,Young Adult,High
585,King Breinlein,24,3533,Argentina,2025-09-26,Young Adult,VIP
586,Padraig Bagworth,70,2593,Belarus,2025-08-20,Senior,VIP
587,Jamie Lipman,26,486,Indonesia,2025-05-11,Young Adult,Medium
588,Faun Quigg,64,3207,Greece,2025-11-06,Senior,VIP
589,Jilly Lesor,55,4638,Greece,2025-04-24,Senior,VIP
590,Angelico Norheny,49,4538,Poland,2025-07-27,Adult,VIP
591,Isobel Imm,35,1377,Mali,2025-11-23,Young Adult,VIP
592,Filide Harmour,37,3342,Argentina,2026-01-18,Adult,VIP
593,Netta Fasham,36,4721,Indonesia,2026-03-18,Adult,VIP
594,Garland Warlock,65,1558,Mongolia,2025-06-23,Senior,VIP
595,Whitney Wimes,57,818,China,2025-05-31,Senior,High
596,Lorne Berntssen,60,1988,Indonesia,2025-09-01,Senior,VIP
597,Sibella Shapland,31,3309,Togo,2025-12-04,Young Adult,VIP
598,Elena Gallandre,53,3561,Hungary,2025-09-29,Senior,VIP
599,Pauly Appleford,44,4821,Peru,2025-06-25,Adult,VIP
600,Mart Asbery,33,1220,Canada,2025-09-06,Young Adult,VIP
601,Averyl Worden,22,3319,China,2026-02-12,Young Adult,VIP
602,Ellynn Gowenlock,37,2733,Poland,2026-01-10,Adult,VIP
603,Eudora Dewick,50,1955,Georgia,2025-11-10,Adult,VIP
604,Aurlie Hatherleigh,65,1572,Indonesia,2025-09-22,Senior,VIP
605,Leslie Silverlock,41,2207,Thailand,2026-01-09,Adult,VIP
606,Barty Kinloch,54,4145,Japan,2025-07-24,Senior,VIP
607,Mason Dow,64,632,South Korea,2025-05-03,Senior,High
608,Gil Alam,68,1900,Sweden,2025-12-26,Senior,VIP
609,Francine Gillean,50,4832,Yemen,2025-12-02,Adult,VIP
610,Faun Willcox,35,3747,China,2025-07-03,Young Adult,VIP
611,Cleopatra Lomb,64,2045,Indonesia,2025-07-27,Senior,VIP
612,Rae Heyball,41,3958,China,2025-10-10,Adult,VIP
613,Orelle MacAlroy,30,3310,China,2025-08-24,Young Adult,VIP
614,Saunder Twopenny,63,3973,Croatia,2025-11-02,Senior,VIP
615,Leeanne Blease,46,4184,Bangladesh,2025-08-08,Adult,VIP
616,Karisa Bastone,33,297,Poland,2026-03-15,Young Adult,Medium
617,Marthena Swetland,20,2423,China,2025-12-22,Young Adult,VIP
618,Sarette Vagg,32,1190,Sweden,2026-01-19,Young Adult,VIP
619,Haleigh Slesser,22,4326,South Korea,2025-12-06,Young Adult,VIP
620,Alameda Sorbey,50,69,China,2025-12-16,Adult,Low
621,Debby Tomkinson,31,2184,Mexico,2026-02-24,Young Adult,VIP
622,Rhys Eakens,32,4827,Vietnam,2026-02-07,Young Adult,VIP
623,Byron McNee,60,948,China,2025-12-14,Senior,High
624,Karie Simson,20,970,China,2025-11-22,Young Adult,High
625,Daisi Chattock,20,4233,United States,2025-07-11,Young Adult,VIP
626,Quincey Seton,54,1596,Lithuania,2025-08-25,Senior,VIP
627,Tailor O'Leary,69,3451,Japan,2025-12-28,Senior,VIP
628,Dyanne Chaves,54,617,China,2026-02-28,Senior,High
629,Bentlee Philpots,33,1143,Portugal,2025-09-09,Young Adult,VIP
630,Lilla Lett,26,2772,Nicaragua,2025-07-17,Young Adult,VIP
631,Addy McGuiney,63,3088,Canada,2025-08-06,Senior,VIP
632,Brittaney O'Suaird,63,999,Croatia,2025-07-31,Senior,High
633,Heddi Raison,43,1183,Nepal,2025-09-22,Adult,VIP
634,Nadiya Gordge,36,1883,Afghanistan,2025-05-31,Adult,VIP
635,Sandro Philbrick,55,3900,China,2026-03-25,Senior,VIP
636,Tallulah Castane,64,3368,Greece,2025-06-14,Senior,VIP
637,Maxie Keneford,26,1098,Portugal,2025-08-15,Young Adult,VIP
638,Kelli Crix,46,841,Argentina,2025-06-25,Adult,High
639,Darrin Sieghart,68,894,Indonesia,2026-03-03,Senior,High
640,Alvie Tivnan,37,1337,Indonesia,2026-03-19,Adult,VIP
641,Hinda Matei,39,1942,Armenia,2025-10-18,Adult,VIP
642,Whitby Deeley,63,4582,Peru,2026-04-15,Senior,VIP
643,Suzy Pude,69,597,Denmark,2025-05-11,Senior,High
644,Zenia Willcot,30,882,Poland,2025-04-30,Young Adult,High
645,Lacy Dhenin,28,3426,Thailand,2025-11-18,Young Adult,VIP
646,Ebeneser Rimington,66,2669,Albania,2025-07-04,Senior,VIP
647,Shay Jacob,68,2144,Philippines,2025-10-06,Senior,VIP
648,Andrew Worcs,52,173,China,2025-12-06,Senior,Medium
649,Eda Kovacs,69,519,China,2025-04-17,Senior,High
650,Peg Carsberg,23,366,Colombia,2025-12-08,Young Adult,Medium
651,Leonelle Rosenstiel,29,1468,Albania,2025-07-01,Young Adult,VIP
652,Brett Ashcroft,23,898,Brazil,2025-05-21,Young Adult,High
653,Clarey Kobpa,50,2398,Saudi Arabia,2026-01-25,Adult,VIP
654,Denney Hagland,28,1302,China,2026-04-15,Young Adult,VIP
655,Samara Fellgatt,29,3005,China,2025-10-04,Young Adult,VIP
656,Augusto Bras,69,556,Cape Verde,2026-03-20,Senior,High
657,Lexi Struthers,59,1490,Egypt,2026-03-12,Senior,VIP
658,Frasier Casbon,34,4953,Myanmar,2025-10-08,Young Adult,VIP
659,Dunstan Van Der Weedenburg,53,4088,Russia,2025-10-27,Senior,VIP
660,Myer Fazzioli,59,2269,Indonesia,2026-02-16,Senior,VIP
661,Dell Spencelayh,35,470,Indonesia,2026-01-16,Young Adult,Medium
662,Arabela Chastan,61,4875,Indonesia,2025-09-05,Senior,VIP
663,Corny Scamp,62,867,Poland,2025-08-29,Senior,High
664,Latrina Ghidelli,62,4298,Philippines,2026-01-14,Senior,VIP
665,Cathlene Blazey,56,4167,France,2025-06-24,Senior,VIP
666,Doretta Simacek,18,2094,Indonesia,2026-03-24,Teen,VIP
667,Brita Witherdon,53,3362,Israel,2026-03-18,Senior,VIP
668,Licha Drinkale,33,2444,Sweden,2025-12-07,Young Adult,VIP
669,Consalve Bailes,50,3627,Brazil,2025-08-29,Adult,VIP
670,Daphna Packington,70,1361,Cuba,2025-10-08,Senior,VIP
671,Melisent Bellerby,51,4746,China,2026-02-13,Senior,VIP
672,Obediah Antushev,44,3419,China,2025-07-09,Adult,VIP
673,Lon Pinare,39,297,Indonesia,2025-05-28,Adult,Medium
674,Adriane Carrigan,38,4669,Philippines,2025-09-09,Adult,VIP
675,Bentlee Chappel,69,3341,China,2025-12-05,Senior,VIP
676,Emery Shrimptone,30,418,Canada,2026-04-06,Young Adult,Medium
677,Terry Veldens,40,1694,Vietnam,2025-07-08,Adult,VIP
678,Lurleen Suart,25,4020,Uganda,2025-07-15,Young Adult,VIP
679,Davis Akers,65,4468,Portugal,2025-06-19,Senior,VIP
680,Pierette O'Halloran,24,1859,Portugal,2025-08-28,Young Adult,VIP
681,Lazar Lamberti,39,3117,Russia,2025-04-22,Adult,VIP
682,Harley Daniellot,38,1835,Venezuela,2026-02-16,Adult,VIP
683,Codi Laugier,39,2599,China,2025-08-17,Adult,VIP
684,Lib Jeandillou,40,2178,China,2025-07-25,Adult,VIP
685,Walton Ballentime,60,943,Colombia,2025-07-05,Senior,High
686,Carson Charlot,33,2702,Indonesia,2026-03-27,Young Adult,VIP
687,Fidela Trudgion,62,24,United States,2025-10-09,Senior,Low
688,Kimmy Bindon,29,3761,Russia,2025-12-29,Young Adult,VIP
689,Brittani Noury,47,3490,China,2025-06-03,Adult,VIP
690,Bab Halgarth,35,3792,Indonesia,2025-11-05,Young Adult,VIP
691,Lorie Silveston,30,4338,China,2025-05-19,Young Adult,VIP
692,Myrtle Gerriessen,66,4506,Ireland,2025-06-23,Senior,VIP
693,Patricia Pocke,68,254,China,2025-08-24,Senior,Medium
694,Sonnie Ravenshaw,50,2677,Brazil,2025-05-24,Adult,VIP
695,Drusie Pallatina,42,3149,Armenia,2025-08-14,Adult,VIP
696,Sherry Wilber,44,2446,United States,2025-04-26,Adult,VIP
697,Ludvig Dunkinson,34,1770,China,2025-06-17,Young Adult,VIP
698,Eward Osbourne,29,3098,Indonesia,2025-07-02,Young Adult,VIP
699,Monica McGerraghty,28,4655,Thailand,2025-08-18,Young Adult,VIP
700,Lemmy Routledge,34,2734,Russia,2025-06-18,Young Adult,VIP
701,Roselle Jore,50,2006,Iran,2026-02-17,Adult,VIP
702,Massimiliano Tulleth,21,1477,Chile,2025-06-24,Young Adult,VIP
703,Sylvan Patzelt,68,1187,China,2026-01-05,Senior,VIP
704,Ranee Andriveaux,18,14,Syria,2025-07-28,Teen,Low
705,Lidia Thomasset,28,1392,Colombia,2025-10-22,Young Adult,VIP
706,Kath Burniston,18,1755,Russia,2025-05-19,Teen,VIP
707,Vonnie Penhearow,36,4295,Indonesia,2025-05-24,Adult,VIP
708,Hervey Jeromson,65,3402,South Africa,2025-07-24,Senior,VIP
709,Jessey Tricker,35,2990,France,2026-01-02,Young Adult,VIP
710,Fiorenze Tayspell,27,26,Zimbabwe,2025-08-07,Young Adult,Low
711,Tish Prati,41,3799,China,2026-01-26,Adult,VIP
712,Sonny Geaney,42,3960,Indonesia,2026-03-18,Adult,VIP
713,Marietta Bibbie,49,4619,Thailand,2025-05-07,Adult,VIP
714,Margeaux Pellamont,70,3666,Sweden,2025-08-29,Senior,VIP
715,Alleen McCarty,37,4169,Uganda,2025-07-16,Adult,VIP
716,Claude Cartmale,52,3730,Israel,2026-01-02,Senior,VIP
717,Kahlil Shepeard,45,1450,Bangladesh,2025-06-27,Adult,VIP
718,Bryon Stennett,24,506,China,2025-10-09,Young Adult,High
719,Willa Brierton,58,2658,Indonesia,2026-04-10,Senior,VIP
720,Guinevere Claremont,29,113,Brazil,2025-06-13,Young Adult,Medium
721,Maurene Orans,35,417,China,2026-01-13,Young Adult,Medium
722,Yolanthe Scrauniage,23,3575,Portugal,2025-05-11,Young Adult,VIP
723,Melanie Livesley,21,4079,Poland,2026-02-04,Young Adult,VIP
724,Micki Stolberg,46,1811,China,2026-02-03,Adult,VIP
725,Barton Saldler,24,2347,United States,2025-04-16,Young Adult,VIP
726,Laureen Gibbens,56,499,Japan,2025-06-24,Senior,Medium
727,Anastasia Dunklee,45,4734,Japan,2025-09-20,Adult,VIP
728,Hillie Corlett,19,3299,Japan,2026-02-20,Young Adult,VIP
729,Annelise Pinckney,30,1905,Indonesia,2026-02-12,Young Adult,VIP
730,Jocko Vaillant,42,1472,Slovenia,2025-08-09,Adult,VIP
731,Cynthea Silverlock,32,3131,Argentina,2026-02-26,Young Adult,VIP
732,Amata Labin,39,3548,Colombia,2025-11-13,Adult,VIP
733,Adrian McGinley,62,170,Finland,2025-07-15,Senior,Medium
734,Linell Tothe,34,2237,Jamaica,2026-04-03,Young Adult,VIP
735,Muire Dayment,25,723,Switzerland,2026-03-11,Young Adult,High
736,Jay Troctor,61,3486,China,2025-08-14,Senior,VIP
737,Tim Elson,46,834,Russia,2025-11-21,Adult,High
738,Eba Ondracek,28,4891,China,2025-07-07,Young Adult,VIP
739,Sadie Thornton,18,1980,China,2025-12-17,Teen,VIP
740,Kali MacIntosh,44,1851,Albania,2025-12-21,Adult,VIP
741,Abigail Ashingden,33,2114,Peru,2026-01-04,Young Adult,VIP
742,Alisun Francioli,50,1839,Indonesia,2026-03-23,Adult,VIP
743,Alphonso Rosenblad,35,4764,Brazil,2025-05-11,Young Adult,VIP
744,Asher Leslie,58,345,China,2026-03-10,Senior,Medium
745,Frederica Sunner,69,304,Indonesia,2025-07-15,Senior,Medium
746,Donall Andrez,23,4290,Portugal,2026-03-28,Young Adult,VIP
747,Thorvald Gibson,48,1089,Argentina,2026-01-31,Adult,VIP
748,Jaimie Klain,34,3235,France,2025-09-29,Young Adult,VIP
749,Pippo Pyvis,64,2811,Ukraine,2025-06-10,Senior,VIP
750,Link Waltering,18,2070,Brazil,2026-02-18,Teen,VIP
751,Elden Sievewright,53,4989,China,2025-05-22,Senior,VIP
752,Rodina Olanda,43,543,Indonesia,2025-09-28,Adult,High
753,Demetre Gooderridge,32,3438,Russia,2025-08-31,Young Adult,VIP
754,Abbie Fowden,34,346,Indonesia,2025-11-08,Young Adult,Medium
755,Lucias Gilliam,46,3234,China,2025-12-07,Adult,VIP
756,Clerc Bostick,30,1273,Indonesia,2025-04-26,Young Adult,VIP
757,Ardath Lauridsen,22,2223,Poland,2025-10-30,Young Adult,VIP
758,Laughton McTerry,51,281,China,2025-10-10,Senior,Medium
759,Angela Bierton,52,4319,Ecuador,2025-05-22,Senior,VIP
760,Addie Ladloe,21,136,China,2026-01-27,Young Adult,Medium
761,Rowan Willcot,25,1365,China,2025-12-16,Young Adult,VIP
762,Jessalyn Nettles,33,516,Poland,2025-08-12,Young Adult,High
763,Rina Pester,20,4540,Indonesia,2026-04-11,Young Adult,VIP
764,Keslie Cottie,48,4249,Russia,2025-12-05,Adult,VIP
765,Cybil Jobbins,68,4952,Czech Republic,2025-05-06,Senior,VIP
766,Ermin Lilian,55,648,Indonesia,2025-07-24,Senior,High
767,Sanford Tutchings,49,1357,Philippines,2026-03-19,Adult,VIP
768,Falito Butland,34,2085,Portugal,2025-12-07,Young Adult,VIP
769,Gillan Birtonshaw,64,780,Dominican Republic,2025-11-15,Senior,High
770,Thurstan McKerton,20,3198,Bulgaria,2025-07-10,Young Adult,VIP
771,Reena Mote,42,2756,South Sudan,2026-02-14,Adult,VIP
772,Maria Somes,49,153,Thailand,2025-05-18,Adult,Medium
773,Dayle Bezarra,31,2171,Croatia,2026-02-09,Young Adult,VIP
774,Stacey Demchen,47,3880,Sweden,2025-05-31,Adult,VIP
775,Johnnie Carnaman,38,2082,Norway,2025-10-11,Adult,VIP
776,Eartha Bentote,33,556,United States,2025-10-24,Young Adult,High
777,Naomi Wainwright,34,4546,Poland,2025-08-19,Young Adult,VIP
778,Heath Portress,45,3828,Malaysia,2025-10-20,Adult,VIP
779,Cristine Barefoot,48,4332,Myanmar,2026-01-26,Adult,VIP
780,Tabb Urch,59,4110,China,2025-08-08,Senior,VIP
781,Salvidor Abbay,53,4085,China,2025-07-24,Senior,VIP
782,Rhett Murrigans,43,3684,Canada,2025-09-30,Adult,VIP
783,Korey Rennles,59,246,France,2026-02-02,Senior,Medium
784,Madelon Haney`,43,4202,Russia,2026-01-10,Adult,VIP
785,Miriam Cumberpatch,18,1788,Mexico,2026-04-09,Teen,VIP
786,Helli Felgat,32,493,Philippines,2025-08-27,Young Adult,Medium
787,Rosanna Jerche,23,3198,Peru,2026-02-02,Young Adult,VIP
788,Redford Leguey,22,3739,Russia,2025-09-19,Young Adult,VIP
789,Winfred Mozzini,32,132,China,2025-07-19,Young Adult,Medium
790,Erskine Tunn,27,4284,Philippines,2025-10-08,Young Adult,VIP
791,Addie Scandroot,45,1644,China,2025-11-09,Adult,VIP
792,Andree Portriss,25,1253,France,2026-02-16,Young Adult,VIP
793,Ingmar Klezmski,28,722,Poland,2026-01-21,Young Adult,High
794,Maire Nulty,59,1542,Ireland,2025-07-24,Senior,VIP
795,Bud Jindrich,49,3022,Albania,2025-08-20,Adult,VIP
796,Tanitansy Ingraham,46,2320,Canada,2025-08-03,Adult,VIP
797,Toddie Pietrzyk,54,3260,Peru,2026-01-26,Senior,VIP
798,Rosetta Clair,43,829,France,2025-12-27,Adult,High
799,Maxie Romanin,57,3614,Japan,2025-06-26,Senior,VIP
800,Kaylee Zuker,19,417,Russia,2026-03-13,Young Adult,Medium
801,Allix Bilfoot,67,645,Poland,2026-01-22,Senior,High
802,Vita Ayllett,28,1552,China,2025-05-02,Young Adult,VIP
803,Ellette Thynn,56,83,China,2025-11-24,Senior,Low
804,Kattie Hullin,34,4492,Sweden,2025-12-04,Young Adult,VIP
805,Domenic Gorini,63,2796,Venezuela,2025-05-08,Senior,VIP
806,Tabby Hattoe,46,4621,Ecuador,2025-05-14,Adult,VIP
807,Sheppard Grimditch,61,3659,China,2025-07-01,Senior,VIP
808,Dacia Tubb,41,2268,Russia,2025-07-11,Adult,VIP
809,Ursulina Agastina,26,88,Philippines,2025-04-16,Young Adult,Low
810,Kurt Cohen,21,4364,China,2026-03-10,Young Adult,VIP
811,Syd Arkle,69,3908,Botswana,2026-01-10,Senior,VIP
812,Bell Menlow,43,2398,China,2026-01-13,Adult,VIP
813,Carlo Wyatt,24,1720,China,2025-08-15,Young Adult,VIP
814,Ashely Marvin,70,2349,China,2025-11-02,Senior,VIP
815,Jerrie Caldaro,30,1909,China,2025-04-19,Young Adult,VIP
816,Price Van Oord,70,4071,Indonesia,2026-03-31,Senior,VIP
817,Valeria Schimoni,64,1943,Brazil,2026-03-20,Senior,VIP
818,Louella Mallan,27,2137,Portugal,2025-11-09,Young Adult,VIP
819,Leroy Biever,62,1015,Indonesia,2025-10-17,Senior,VIP
820,Abbye Kenyon,57,1241,China,2025-04-20,Senior,VIP
821,Ivor Housecraft,49,4260,Peru,2026-02-07,Adult,VIP
822,Muffin Hambleton,51,1115,Russia,2026-02-18,Senior,VIP
823,Doretta Wooller,62,791,Afghanistan,2025-11-24,Senior,High
824,Ginger Elie,42,4972,Poland,2025-12-24,Adult,VIP
825,Marve Noraway,31,935,Philippines,2025-12-06,Young Adult,High
826,Brig Eichmann,34,1788,Peru,2025-09-19,Young Adult,VIP
827,Pauli Swindley,29,953,Tunisia,2026-02-28,Young Adult,High
828,Coraline Wansbury,64,1210,Philippines,2025-10-03,Senior,VIP
829,Mendy Lacotte,62,3348,Yemen,2025-09-24,Senior,VIP
830,Ervin Dacres,69,4876,Portugal,2025-09-18,Senior,VIP
831,Raychel Baggs,19,2962,Honduras,2025-05-29,Young Adult,VIP
832,Nadeen Biss,48,1037,Indonesia,2025-09-06,Adult,VIP
833,Salvador Blakely,48,2460,China,2026-01-08,Adult,VIP
834,Elberta Milliken,49,3737,Brazil,2026-01-09,Adult,VIP
835,Wesley Bollom,43,714,United States,2025-11-16,Adult,High
836,Myrah Renihan,19,119,Indonesia,2025-11-09,Young Adult,Medium
837,Curran Aseef,26,2897,Botswana,2025-10-07,Young Adult,VIP
838,Yurik Scammonden,57,2383,Japan,2026-04-14,Senior,VIP
839,Wye Boice,56,875,Indonesia,2026-01-16,Senior,High
840,Janaye Heavens,25,1033,Canada,2025-05-01,Young Adult,VIP
841,Audy Bromont,68,3301,China,2025-09-06,Senior,VIP
842,Karoly Cristobal,69,1307,United States,2025-10-17,Senior,VIP
843,Latrena Richardes,39,2240,Portugal,2025-06-20,Adult,VIP
844,Sylvia Gait,59,651,China,2025-07-01,Senior,High
845,Roobbie Eichmann,63,4978,China,2025-12-18,Senior,VIP
846,Mame Shadwick,41,1590,Peru,2025-09-26,Adult,VIP
847,Andrus Emptage,66,1808,Tunisia,2025-08-08,Senior,VIP
848,Donnajean Ramsted,68,3528,Pakistan,2026-04-14,Senior,VIP
849,Bonnie Sambedge,51,2125,Indonesia,2025-12-12,Senior,VIP
850,Nappy Britch,19,2364,Philippines,2026-02-22,Young Adult,VIP
851,Josh Bovey,69,2609,Tanzania,2025-12-21,Senior,VIP
852,Dennie Lismore,39,4090,China,2025-08-22,Adult,VIP
853,Shea Swanson,49,3931,China,2025-06-13,Adult,VIP
854,Grange Ciccarello,57,3173,Dominican Republic,2025-09-10,Senior,VIP
855,Drusy Krolle,64,1438,Russia,2025-11-22,Senior,VIP
856,Elianore Raye,27,3664,Peru,2025-12-05,Young Adult,VIP
857,Aveline Rosini,42,2406,Cyprus,2025-05-22,Adult,VIP
858,Codi Jelf,22,1645,Colombia,2025-08-15,Young Adult,VIP
859,Lucilia Burgon,50,4850,Indonesia,2025-10-07,Adult,VIP
860,Gwendolin Duxbury,20,4389,Sweden,2025-10-03,Young Adult,VIP
861,Maurita Wherrit,42,758,United States,2025-11-05,Adult,High
862,Willey Moiser,31,698,Ireland,2025-05-21,Young Adult,High
863,Bonnee Wooderson,31,1532,Czech Republic,2025-08-30,Young Adult,VIP
864,Stafani Brake,32,4512,Philippines,2025-08-06,Young Adult,VIP
865,Virginie MacBrearty,47,3628,Vietnam,2025-10-30,Adult,VIP
866,Glory Regus,34,3749,Indonesia,2025-05-22,Young Adult,VIP
867,Chickie Ponceford,42,686,Indonesia,2025-10-26,Adult,High
868,Cathrine Hoyle,32,20,China,2025-07-25,Young Adult,Low
869,Deeanne Grace,47,2955,Philippines,2025-07-03,Adult,VIP
870,Tobin Woodberry,60,4564,China,2025-12-23,Senior,VIP
871,Elli Lamar,65,57,Sweden,2026-03-16,Senior,Low
872,Murvyn Crake,32,989,Russia,2025-08-05,Young Adult,High
873,Graeme Mailes,46,1905,Sweden,2025-10-20,Adult,VIP
874,Sara Bachelor,47,2076,Thailand,2025-11-18,Adult,VIP
875,Minerva Blaszczak,61,2852,Indonesia,2025-09-18,Senior,VIP
876,Finn Wennington,50,2271,Philippines,2025-12-05,Adult,VIP
877,Minnnie Wloch,42,1171,Morocco,2025-11-30,Adult,VIP
878,Nathalie Norree,19,627,Indonesia,2025-10-29,Young Adult,High
879,Kira Bianco,54,4030,Argentina,2025-10-14,Senior,VIP
880,Otha Suddell,52,4438,Egypt,2025-06-01,Senior,VIP
881,Ronnica Benedidick,59,3691,Thailand,2026-01-11,Senior,VIP
882,Cherida Daniel,64,3027,China,2025-07-22,Senior,VIP
883,Lindy Stratiff,35,767,Colombia,2025-07-24,Young Adult,High
884,Arron Beadon,66,4666,Kazakhstan,2026-02-22,Senior,VIP
885,Caryl Kneesha,23,3423,Senegal,2025-06-23,Young Adult,VIP
886,Berkie Squirrell,40,1069,China,2025-06-30,Adult,VIP
887,Guthry Dallyn,70,3122,Czech Republic,2026-03-26,Senior,VIP
888,Barrie Wreak,44,4537,Nicaragua,2025-10-03,Adult,VIP
889,Alis Haddick,24,2243,Russia,2025-06-27,Young Adult,VIP
890,Gerri Varian,21,408,Czech Republic,2025-10-07,Young Adult,Medium
891,Richard Bilsford,56,4173,South Korea,2025-11-14,Senior,VIP
892,Herbert Hannum,45,3538,Philippines,2026-01-11,Adult,VIP
893,Merle Sutterby,46,2502,Sweden,2025-08-12,Adult,VIP
894,Berk Saladin,49,2191,Ukraine,2026-01-03,Adult,VIP
895,Jesselyn Mather,19,1547,Portugal,2025-12-28,Young Adult,VIP
896,Ofelia Sirett,35,1570,Slovenia,2026-02-07,Young Adult,VIP
897,Rachael Magovern,59,1634,United States,2025-04-26,Senior,VIP
898,Brear Fairs,35,857,Poland,2026-04-11,Young Adult,High
899,Frederich Reville,42,393,China,2025-10-31,Adult,Medium
900,Cointon Munday,18,1987,Saudi Arabia,2025-09-19,Teen,VIP
901,Petronia Papaccio,27,325,Nigeria,2025-12-21,Young Adult,Medium
902,Rebecca Kivlehan,34,4571,Brazil,2025-04-23,Young Adult,VIP
903,Florri Tweed,63,2454,Philippines,2025-06-29,Senior,VIP
904,Aggie Paszek,43,2734,China,2025-09-04,Adult,VIP
905,Brannon Bernardelli,34,4598,Philippines,2025-05-22,Young Adult,VIP
906,Laural Earengey,66,1985,Greece,2025-06-21,Senior,VIP
907,Valenka Gregine,66,2162,Russia,2025-06-12,Senior,VIP
908,Rex Philipsohn,28,643,Russia,2025-08-13,Young Adult,High
909,Jarred Mitchinson,54,4362,United States,2026-03-05,Senior,VIP
910,Shalom Habard,34,3910,United States,2025-08-09,Young Adult,VIP
911,Daisy Heinl,56,666,Portugal,2026-01-16,Senior,High
912,Rodney Heritege,36,1061,Czech Republic,2026-01-25,Adult,VIP
913,Bernarr Gosnay,55,4677,Nigeria,2025-05-04,Senior,VIP
914,Diena Dietsche,19,618,United States,2025-06-15,Young Adult,High
915,Jeannette Ales0,55,2226,Argentina,2025-11-28,Senior,VIP
916,Donetta Keegan,33,1668,Germany,2025-09-23,Young Adult,VIP
917,Andrey Champneys,67,3413,Russia,2026-03-06,Senior,VIP
918,Zorana MacGee,19,4980,Colombia,2025-05-19,Young Adult,VIP
919,Somerset Burdytt,67,3788,Portugal,2025-07-23,Senior,VIP
920,Eyde Vecard,70,2887,Poland,2025-04-29,Senior,VIP
921,Viviana Dabourne,65,3579,China,2025-04-29,Senior,VIP
922,Kit Mouland,58,4374,Netherlands,2025-10-25,Senior,VIP
923,George Hains,50,656,China,2025-10-18,Adult,High
924,Neala Hales,23,3270,Sudan,2026-02-15,Young Adult,VIP
925,Binky McJury,23,4499,China,2025-06-19,Young Adult,VIP
926,Lane Jorissen,56,112,Tajikistan,2025-11-15,Senior,Medium
927,Kimberlee Capozzi,49,3479,Indonesia,2026-03-26,Adult,VIP
928,Maxie Tutchener,64,4818,Costa Rica,2025-05-03,Senior,VIP
929,Robyn Codlin,70,1624,Mexico,2025-05-07,Senior,VIP
930,Agnola Seedman,53,3926,China,2025-07-14,Senior,VIP
931,Jayson Regorz,50,2021,Philippines,2025-12-11,Adult,VIP
932,Niki Penelli,26,3123,China,2026-02-19,Young Adult,VIP
933,Shannen Ginner,62,3812,Cameroon,2025-05-15,Senior,VIP
934,Waring Dormon,60,477,Poland,2025-06-01,Senior,Medium
935,Gordy Ganley,50,2173,Poland,2026-02-18,Adult,VIP
936,Fedora Kalkofer,65,1241,China,2026-03-02,Senior,VIP
937,Arlene Langthorne,51,259,China,2026-04-13,Senior,Medium
938,Eada O'Crevy,22,3426,Russia,2025-07-29,Young Adult,VIP
939,Violante Gayton,24,4415,China,2025-07-12,Young Adult,VIP
940,Mel Asman,37,4911,Libya,2026-01-26,Adult,VIP
941,Libbi Choat,23,2655,Philippines,2026-02-15,Young Adult,VIP
942,Dill Boutton,36,44,Indonesia,2026-01-13,Adult,Low
943,Chelsae Bynert,22,4047,China,2026-04-02,Young Adult,VIP
944,Rubina Coalbran,56,164,United States,2025-05-25,Senior,Medium
945,Colman Medforth,46,223,Portugal,2025-04-29,Adult,Medium
946,Glori de Keyser,46,265,New Zealand,2025-07-19,Adult,Medium
947,Nadya Lawles,27,2182,Ukraine,2025-11-29,Young Adult,VIP
948,Lorianna Duddell,37,3254,Colombia,2026-02-02,Adult,VIP
949,Caria Di Pietro,49,4655,Indonesia,2025-09-07,Adult,VIP
950,Jan Eckels,65,4202,Japan,2025-05-05,Senior,VIP
951,Cyndie Wreiford,56,4361,Sweden,2025-08-16,Senior,VIP
952,Neall Kording,38,4884,Sri Lanka,2025-09-21,Adult,VIP
953,Diandra Shilladay,34,809,Azerbaijan,2025-08-22,Young Adult,High
954,Jeni Toffolini,53,3464,Dominican Republic,2025-06-20,Senior,VIP
955,Conrado Underwood,56,2413,Azerbaijan,2025-11-14,Senior,VIP
956,Katey Simants,56,2520,South Africa,2025-09-05,Senior,VIP
957,Gena Divill,21,4352,Norway,2025-04-18,Young Adult,VIP
958,Donnamarie Alven,33,1566,China,2026-03-16,Young Adult,VIP
959,Lea Pitrelli,20,2754,China,2026-03-27,Young Adult,VIP
960,Meredithe Howarth,33,1262,Sweden,2026-02-14,Young Adult,VIP
961,Marcille Densun,49,10,France,2025-06-11,Adult,Low
962,Modestia Dudeney,28,899,China,2025-04-24,Young Adult,High
963,Chere Hamsher,50,4261,Serbia,2026-01-08,Adult,VIP
964,Birgitta Chartman,43,4269,Brazil,2025-10-01,Adult,VIP
965,Giorgi Buntine,21,70,China,2025-11-11,Young Adult,Low
966,Kipp Gunney,44,4376,Russia,2025-08-18,Adult,VIP
967,Paloma Gorgl,31,4959,Burkina Faso,2025-12-29,Young Adult,VIP
968,Gates Spreull,21,4983,Japan,2025-08-15,Young Adult,VIP
969,Elton Curgenuer,54,4920,Thailand,2026-02-06,Senior,VIP
970,Bobette Syratt,40,2571,Indonesia,2025-09-12,Adult,VIP
971,Ferguson Rotherham,61,2201,Poland,2026-03-16,Senior,VIP
972,Vivyanne Rigbye,47,4086,Japan,2025-04-20,Adult,VIP
973,Jenn Schimank,68,3231,China,2025-04-24,Senior,VIP
974,Ewen Durbin,67,4819,Northern Mariana Islands,2025-06-22,Senior,VIP
975,Rosana Alesbrook,40,4152,Russia,2025-06-14,Adult,VIP
976,Maible Matschuk,44,4490,Russia,2026-02-09,Adult,VIP
977,Cora Boar,36,2474,Russia,2025-12-31,Adult,VIP
978,Francesca Kersey,70,2444,Indonesia,2026-03-22,Senior,VIP
979,Muire Mattaus,55,3605,China,2026-04-07,Senior,VIP
980,Fleming Lagde,65,1803,China,2026-03-06,Senior,VIP
981,Aurel Menloe,34,3493,Sweden,2026-03-13,Young Adult,VIP
982,Waneta O'Mailey,27,1872,Brazil,2025-09-18,Young Adult,VIP
983,Rivkah Glanfield,26,4950,Finland,2026-01-09,Young Adult,VIP
984,Myrtice McVity,49,4608,Canada,2025-08-31,Adult,VIP
985,Chantalle Brolly,29,4280,China,2025-10-16,Young Adult,VIP
986,Winna Tripon,47,4418,Russia,2025-10-20,Adult,VIP
987,Valencia Handrock,28,4351,Yemen,2025-11-07,Young Adult,VIP
988,Savina Blann,69,3242,Bangladesh,2026-02-23,Senior,VIP
989,Ellette Meeson,30,2983,Vietnam,2025-12-09,Young Adult,VIP
990,Stafford Hagan,27,221,Botswana,2026-03-07,Young Adult,Medium
991,Selby Dowdle,28,3071,Albania,2025-12-27,Young Adult,VIP
992,Lyn Baxill,18,394,China,2026-02-27,Teen,Medium
993,Isidore Smallpiece,38,2281,Poland,2025-10-03,Adult,VIP
994,Rolf Keedwell,23,934,Indonesia,2026-02-06,Young Adult,High
995,Tom ducarme,58,4080,France,2026-03-18,Senior,VIP
996,Tansy Bloxholm,42,2524,Indonesia,2025-11-29,Adult,VIP
997,Gustavo Down,62,1749,China,2026-02-13,Senior,VIP
998,Nelson Corssen,38,2957,Serbia,2025-10-22,Adult,VIP
999,Shelbi Ronnay,36,3445,Venezuela,2026-01-03,Adult,VIP
1000,Lyon Blueman,22,2168,Thailand,2026-04-10,Young Adult,VIP
