Customer ID,Name,Age,Purchas Amount,Country,Date
1,Conny Evennett,19,2900,China,3/23/2026
2,Blane Chomiszewski,68,3042,United States,4/10/2026
3,Daphne Gilbert,43,3134,Indonesia,6/8/2025
4,Krishna Koop,40,4832,Jamaica,8/22/2025
5,Dody Rigge,45,2008,United States,5/19/2025
6,Rusty Rainger,39,4266,Lithuania,11/8/2025
7,Anna-diana Prigg,48,1715,China,4/24/2025
8,Eleanor Cotta,56,541,Namibia,9/9/2025
9,Bondy Ridolfi,68,3877,Indonesia,9/1/2025
10,Halsey Zukierman,22,580,Russia,3/12/2026
11,Prince Filov,22,4802,France,3/20/2026
12,Pieter Hubbert,32,553,Vietnam,3/11/2026
13,Mikey Wogan,56,2452,Sweden,11/11/2025
14,Lucas Jeggo,48,2087,China,11/23/2025
15,Alverta Gayne,67,2901,Laos,4/15/2026
16,Valry Cheson,51,3226,United States,8/6/2025
17,Trstram Neesam,27,1450,Czech Republic,10/26/2025
18,Issiah Pietraszek,35,1176,China,8/3/2025
19,Evangeline Robathon,69,1977,China,5/1/2025
20,Madelon Yuryichev,60,3353,Indonesia,9/13/2025
21,Ingrid Crumpton,31,3971,Brazil,6/7/2025
22,Gwendolyn Henken,37,1965,Russia,8/4/2025
23,Kerrie Stranaghan,57,1971,Poland,1/14/2026
24,Abner Michal,29,962,China,9/24/2025
25,Johnny Cockrill,58,3185,Sweden,6/12/2025
26,Kaylyn Deans,66,4557,Yemen,9/24/2025
27,Lyndell Abramamov,21,3128,China,10/14/2025
28,Cleve Liptrot,18,791,Mauritius,1/28/2026
29,Brucie Foxley,43,2350,Libya,4/26/2025
30,Rosamond Boord,23,3834,Indonesia,4/25/2025
31,Brigitta Konrad,36,437,Indonesia,12/20/2025
32,Helaine McMurthy,30,1695,Philippines,2/23/2026
33,Steve Attril,55,165,Poland,3/14/2026
34,Anya Wimmers,49,3074,Czech Republic,7/5/2025
35,Hirsch Brennans,70,4829,Lebanon,3/6/2026
36,Marrissa Parkes,62,2214,Philippines,7/22/2025
37,Prisca Mark,23,3028,Madagascar,7/23/2025
38,Kingston Hackney,45,4123,Indonesia,7/10/2025
39,Ave Redd,47,3176,Nigeria,9/30/2025
40,Filmer Euplate,27,2225,Indonesia,1/22/2026
41,Ethyl McDonogh,52,3920,Indonesia,10/20/2025
42,Hagan Binning,66,2097,Indonesia,9/1/2025
43,Abbot Minor,40,3564,Ireland,6/6/2025
44,Aigneis Betteridge,45,3563,Greece,7/4/2025
45,Tory Bereford,68,457,Indonesia,5/29/2025
46,Nance Lidgely,31,1696,Philippines,11/26/2025
47,Doretta Bront,54,4463,Ukraine,8/10/2025
48,Greer Obert,56,1028,Philippines,9/27/2025
49,Verney Yegorchenkov,43,2074,China,11/24/2025
50,Saw Abeles,21,2006,Mongolia,12/22/2025
51,Ignaz Murrells,19,492,Indonesia,12/19/2025
52,Klaus Donat,18,3496,French Polynesia,1/25/2026
53,Susanne Knutsen,26,4668,Portugal,6/15/2025
54,Rik Leyman,65,4252,United States,2/22/2026
55,Omar Ivy,26,423,United Arab Emirates,1/16/2026
56,Tammi Brooksby,21,3013,Philippines,1/25/2026
57,Genni Scamwell,32,4556,Thailand,6/20/2025
58,Korey Moreside,18,3796,Vietnam,5/10/2025
59,Editha Figure,62,3303,Indonesia,7/14/2025
60,Maia Dampney,45,2558,Indonesia,3/1/2026
61,Prent Petricek,36,3578,Mongolia,2/3/2026
62,Regine Tebbet,29,808,Argentina,10/16/2025
63,Arluene Bees,20,2224,Portugal,10/8/2025
64,Esra Fache,22,4163,Palau,8/21/2025
65,Malena Lindley,50,239,South Africa,2/20/2026
66,Gannie Boissieux,31,164,Somalia,5/9/2025
67,Thom Einchcombe,42,4064,China,4/2/2026
68,Freddie Follet,42,4095,China,6/9/2025
69,Kippy O'Carmody,19,30,China,10/31/2025
70,Dorise Pomfrey,50,2178,Russia,8/12/2025
71,Kariotta Trevallion,59,925,United States,6/29/2025
72,Derry Handrok,55,2829,China,8/10/2025
73,Lin Westberg,61,3967,Argentina,12/16/2025
74,Giacobo Bernadon,53,4414,Indonesia,5/15/2025
75,Pascale Fake,58,440,Thailand,7/10/2025
76,Nerty Kirwan,57,1107,China,12/7/2025
77,Chaddie Diehn,61,3061,Indonesia,9/7/2025
78,Lindsay Briggs,37,372,United States,4/5/2026
79,Wylie Drennan,42,784,China,6/21/2025
80,Matthaeus Bosenworth,36,4354,China,1/6/2026
81,Gabi Goodinson,60,4294,Indonesia,12/15/2025
82,Clifford Lockhead,19,2873,Canada,8/27/2025
83,Patty Corke,20,4823,Thailand,8/17/2025
84,Lorrayne Putnam,24,657,China,4/30/2025
85,Griffie Elcum,44,1729,Poland,4/25/2025
86,Ramonda Handrok,63,3656,Mayotte,6/17/2025
87,Jennette Huniwall,23,317,Czech Republic,8/11/2025
88,Bruce Aliman,55,4058,Russia,5/30/2025
89,Angel Burnapp,25,2223,Georgia,9/13/2025
90,Fanechka Kington,33,3550,Germany,5/6/2025
91,Baily Vallantine,39,2928,China,10/11/2025
92,Shirline Hriinchenko,43,2631,Mexico,2/2/2026
93,Kurtis Birdseye,35,4549,Russia,9/15/2025
94,Tarrah Sweetsur,64,1542,Morocco,11/16/2025
95,Cooper Redmore,57,3391,Greece,3/4/2026
96,Prince Delaney,58,2545,Philippines,4/8/2026
97,Roselle Mehaffey,45,3148,China,1/14/2026
98,Xylia Munns,66,3976,Marshall Islands,2/7/2026
99,Massimiliano Havelin,43,3695,Macedonia,9/8/2025
100,Herta Choulerton,29,2137,Afghanistan,7/24/2025
101,Kin McLarens,19,3411,Mexico,1/18/2026
102,Nancee Keady,21,4197,China,1/5/2026
103,Urbain Yearne,56,899,Ecuador,1/9/2026
104,Justina Deverose,31,4323,Brazil,1/9/2026
105,Peyter Iredell,37,3687,Indonesia,11/29/2025
106,Godiva Thresher,39,2218,Russia,3/1/2026
107,Alexi Ciotti,23,431,Philippines,11/23/2025
108,Brandice Headey,55,4011,Indonesia,11/16/2025
109,Saunder Mc Meekin,65,4445,Colombia,8/5/2025
110,Sorcha Rhodes,58,2636,Greece,9/5/2025
111,Kleon Amott,52,1017,Kazakhstan,12/12/2025
112,Jacki Behneke,48,299,Panama,6/28/2025
113,Gwenny Saylor,46,3139,China,1/15/2026
114,Ronni Prosser,50,1597,France,4/8/2026
115,Maurise Goodered,25,2992,Czech Republic,2/2/2026
116,Jacquelyn Sussans,34,4097,Philippines,7/17/2025
117,Nerita Pirie,52,4730,Indonesia,3/30/2026
118,Rik Aldine,30,398,Indonesia,6/25/2025
119,Odella Raiman,42,1016,Mauritius,4/15/2026
120,Cicily Grellier,28,2296,Indonesia,5/22/2025
121,Stephanus Delete,35,4821,Mexico,9/21/2025
122,Karmen Yarrington,51,1631,Brazil,3/19/2026
123,Launce Haddy,52,4159,Philippines,9/26/2025
124,Clyde Novichenko,25,4977,China,9/8/2025
125,Eadith Lodovichi,35,2215,Indonesia,2/6/2026
126,Donn Pagel,22,1087,Philippines,9/2/2025
127,Janeczka Ollet,54,3219,Portugal,2/17/2026
128,Tracee Amis,36,4561,Croatia,8/24/2025
129,Dinah Jindracek,69,236,Indonesia,1/1/2026
130,Kory Isenor,56,2044,Serbia,10/29/2025
131,Giorgio Browell,54,3466,Indonesia,8/27/2025
132,Gordon Trorey,52,688,China,4/2/2026
133,Blondie Izkoveski,34,2662,China,5/22/2025
134,Christoffer Treadger,63,1580,France,5/13/2025
135,Roxanna McCully,46,3865,Sweden,11/28/2025
136,Lavena Cluckie,33,3496,Finland,9/4/2025
137,Tyrone Dowers,57,3243,China,8/29/2025
138,Marietta Golledge,19,3682,Indonesia,2/23/2026
139,Travus Widdowfield,60,657,Philippines,9/2/2025
140,Noel Dring,70,13,Cape Verde,10/2/2025
141,Goldina Speers,30,2226,China,6/14/2025
142,Otis Gander,18,3933,Philippines,8/2/2025
143,Brock Ethridge,40,2496,Argentina,12/14/2025
144,Krysta Stawell,46,956,China,3/20/2026
145,Axe Webben,70,2515,Philippines,3/15/2026
146,Kayla Yerrell,65,1711,Honduras,11/2/2025
147,Pansy Motion,41,2357,China,7/19/2025
148,Adelaida Garside,35,392,China,3/10/2026
149,Normand Dubique,37,4809,Russia,2/16/2026
150,Gottfried Moyne,63,1533,Brazil,10/14/2025
151,Byron Graundisson,57,289,Russia,8/29/2025
152,Andriette Bottby,58,2487,China,9/10/2025
153,Gris Murrigans,56,2404,China,10/14/2025
154,Lenka Baigent,67,223,China,2/20/2026
155,Gabi Dankov,56,1378,Brazil,8/6/2025
156,Dorene Bareham,29,3486,Luxembourg,1/17/2026
157,Hilliary Peinton,38,3509,China,3/19/2026
158,Silvia Strapp,44,112,Indonesia,4/26/2025
159,Rebecka Couttes,23,1947,South Korea,10/23/2025
160,Daune Winpenny,37,4580,China,9/25/2025
161,Neile Ayars,54,3200,United States,5/2/2025
162,Hussein Noot,27,2145,Peru,8/3/2025
163,Lukas Fuggles,62,4793,China,3/3/2026
164,Rufus Quinney,29,448,China,3/7/2026
165,Julie Dessaur,37,2776,Japan,6/22/2025
166,Rafa Griffey,56,2209,Poland,1/25/2026
167,Jemie Duplan,48,1764,Russia,12/27/2025
168,Francois Kiddye,22,3917,China,7/11/2025
169,Chery Iozefovich,56,1501,United States,9/30/2025
170,Umeko Penbarthy,42,940,Russia,12/6/2025
171,Vasilis Gricewood,69,2052,China,3/26/2026
172,Francklin Ivimey,33,1481,Russia,9/23/2025
173,Mathe Lanceter,46,4896,Aland Islands,8/26/2025
174,Willi Temporal,32,2765,Somalia,6/21/2025
175,Berky Charman,34,1975,China,2/25/2026
176,Shandee Autrie,27,1454,Gambia,3/5/2026
177,Zonnya Fereday,59,4104,Colombia,2/17/2026
178,Cord Mackriell,50,4066,Thailand,2/5/2026
179,Vaughan Roloff,69,4620,Albania,3/17/2026
180,Arel Kniveton,30,3719,China,11/9/2025
181,Brittany Hulbert,58,3416,China,6/28/2025
182,Lauryn Grewe,59,1804,Uganda,12/31/2025
183,Shaine Leonarde,53,3760,Brazil,1/1/2026
184,Catina Tutill,57,2920,Sweden,9/4/2025
185,Artair Ben-Aharon,33,4321,Thailand,9/13/2025
186,Connor Welbrock,47,4948,South Africa,7/3/2025
187,Olympia Leasor,54,4014,China,9/23/2025
188,Lynde Horsburgh,40,2048,France,4/29/2025
189,Sophey Stebbing,58,1042,Georgia,4/17/2025
190,Cindra Swepson,53,4017,Portugal,10/13/2025
191,Zacharias Eddowes,52,1366,Ukraine,3/10/2026
192,Almire Crowder,20,3532,Poland,2/17/2026
193,Nathan Catling,49,4430,Croatia,12/29/2025
194,Antoinette Chugg,54,1714,Colombia,7/23/2025
195,Kerby Petr,66,2431,Indonesia,7/4/2025
196,Cassondra Braxay,65,2184,China,1/5/2026
197,Chlo Glavias,46,3810,Indonesia,4/4/2026
198,Smitty Storer,61,82,Russia,11/25/2025
199,Alexine Rops,57,613,China,3/29/2026
200,Yelena McGettrick,48,4615,Lithuania,8/1/2025
201,Katleen Raynard,27,1319,Portugal,10/9/2025
202,Delbert Sessions,36,4653,China,4/15/2026
203,Morty Danforth,60,1448,Latvia,10/26/2025
204,Nickie Bright,48,2544,Ukraine,10/17/2025
205,Lida Stretton,39,2288,Philippines,12/25/2025
206,Barnard Biernacki,62,2535,China,11/6/2025
207,Sheree Hubbis,67,4816,China,11/25/2025
208,Albertina Crewther,29,2693,Sweden,5/29/2025
209,Kirstin Crosser,26,3858,France,10/21/2025
210,Gayle Byforth,70,2707,China,3/24/2026
211,Allie Moyles,57,1266,Sweden,6/30/2025
212,Francoise Chalkly,63,3935,Indonesia,8/3/2025
213,Codi Giacomasso,46,247,Poland,4/15/2026
214,Page Mc Andrew,64,636,Indonesia,6/1/2025
215,Georgena Burkin,38,1242,Azerbaijan,9/2/2025
216,Cob Hentzer,18,3769,France,6/12/2025
217,Pennie Withur,23,1827,China,5/28/2025
218,Sammie Fitzackerley,21,4989,Nepal,7/12/2025
219,Carmelina Tupper,49,4753,Ghana,3/16/2026
220,Lars Brosnan,20,1619,Argentina,12/27/2025
221,Robinet Fanthom,45,4434,China,9/3/2025
222,Shellie Mapledoram,26,1402,Cambodia,6/20/2025
223,Dolorita Pennuzzi,70,819,Poland,4/20/2025
224,Brietta Labern,70,2311,Netherlands,1/3/2026
225,Karon Eshelby,34,1054,Cuba,8/17/2025
226,Margalo Durward,49,3816,Indonesia,12/15/2025
227,Chloette Espinal,56,1285,Russia,2/18/2026
228,Vickie Tallis,35,1858,Zambia,1/1/2026
229,Henrietta Mitchelhill,31,2670,Croatia,6/2/2025
230,Quentin Scragg,68,2026,Indonesia,8/1/2025
231,Pandora Philip,21,4607,Brazil,9/3/2025
232,Roxanne Rodinger,32,3975,Indonesia,10/2/2025
233,Adelle Szymon,64,4662,China,2/25/2026
234,Logan Selwood,68,2042,Bosnia and Herzegovina,1/27/2026
235,Bo Kurt,29,4974,Poland,1/11/2026
236,Mathilda Lorryman,42,4315,Portugal,11/24/2025
237,Patin Bein,23,2809,China,10/2/2025
238,Claude Line,54,316,Italy,10/28/2025
239,Flin Lowless,43,2451,China,4/18/2025
240,Danny Bearn,20,336,Russia,11/27/2025
241,Gonzalo Ege,28,818,Saudi Arabia,4/3/2026
242,Dedie Nockles,29,206,China,3/14/2026
243,Candie Double,47,3358,China,3/14/2026
244,Elmore Van Saltsberg,65,2929,China,7/20/2025
245,Jobie Raggatt,22,4008,China,4/13/2026
246,Nike D'Antuoni,22,3332,China,3/2/2026
247,Graehme Antalffy,48,3477,Morocco,2/8/2026
248,Ermengarde Gercken,26,984,Belarus,9/15/2025
249,Charita Creswell,41,99,Indonesia,2/20/2026
250,Alyson Griston,35,1821,Russia,6/25/2025
251,Em Peeke-Vout,24,1123,Philippines,4/7/2026
252,Willamina Petyakov,42,494,Greece,6/4/2025
253,Shari Halsho,42,936,Peru,12/27/2025
254,Turner Mulholland,41,981,China,10/19/2025
255,Alvinia MacCleod,29,1339,Senegal,8/10/2025
256,Merrilee Ouver,39,1879,Russia,4/23/2025
257,Joleen Oatley,40,4240,Indonesia,7/22/2025
258,Juan Harrod,21,1144,North Korea,5/31/2025
259,Cyndia Reddecliffe,58,1161,China,3/22/2026
260,Allyson Gregg,22,4646,Croatia,8/8/2025
261,Anatollo Bonson,26,1721,Sweden,7/20/2025
262,Haven Coopland,49,301,Ukraine,4/26/2025
263,Nevile Velareal,57,2599,Serbia,4/13/2026
264,Esdras Dentith,65,3218,China,11/6/2025
265,Thia Tatham,35,1048,Russia,12/6/2025
266,Carleton Levene,63,1079,France,7/20/2025
267,Fons Doubrava,19,97,France,9/3/2025
268,Lay Skirven,51,4446,Poland,11/10/2025
269,Charin Rodgier,30,936,Brazil,2/5/2026
270,Ky Ikins,56,2902,El Salvador,2/6/2026
271,Lorrie Rash,42,4800,Philippines,8/15/2025
272,Neala Flatte,21,3247,Indonesia,9/10/2025
273,Catha Croxley,42,1193,France,11/14/2025
274,Frederic Maginn,69,815,Peru,4/6/2026
275,Mickie Mariolle,24,3978,Mexico,11/20/2025
276,Amery Eayres,52,1553,Czech Republic,1/27/2026
277,Orran Bishop,63,3627,France,8/11/2025
278,Cindelyn Jealous,52,4346,Greece,9/5/2025
279,Edin Crace,36,2739,Indonesia,12/26/2025
280,Vanny Mutton,30,3735,China,2/27/2026
281,Heather Tuckett,43,427,Israel,11/9/2025
282,Aloysius Ros,29,2392,Cuba,2/4/2026
283,Juliann Klasing,42,3803,Philippines,11/7/2025
284,Vincent Loan,66,3608,Czech Republic,7/10/2025
285,Damian Wheadon,35,4718,Colombia,4/8/2026
286,Richmound Etienne,33,3269,China,6/14/2025
287,Federico Baigent,62,1189,Canada,2/22/2026
288,Waverly Carty,57,3622,Croatia,7/21/2025
289,Lane Scrogges,48,4913,China,6/17/2025
290,Felisha McCormick,48,646,Portugal,11/11/2025
291,Cointon Boch,24,1510,China,5/10/2025
292,Kalil Evins,31,133,Germany,1/2/2026
293,Desmund Thorbon,38,4806,Philippines,2/24/2026
294,Meade Force,24,4614,China,5/31/2025
295,Thoma Coules,50,4655,Brazil,11/11/2025
296,Clare Tunstall,53,2357,Bangladesh,5/10/2025
297,Lib Diperaus,30,2447,Brazil,1/13/2026
298,Yettie McKinty,39,4188,Indonesia,3/15/2026
299,Sigvard Skaid,29,622,Jordan,10/1/2025
300,Tildy Berryman,51,2251,Yemen,10/19/2025
301,Anthony Swancock,50,636,China,11/19/2025
302,Payton Clethro,35,3330,China,4/14/2026
303,Purcell Perford,33,2634,China,9/13/2025
304,Edin Honnan,35,3000,China,9/23/2025
305,Kevyn Olivier,26,2712,Brazil,10/11/2025
306,Faith Ainscough,49,839,Paraguay,9/29/2025
307,Dolorita Rickerby,58,2312,Indonesia,6/3/2025
308,Alis Garwell,57,4472,Philippines,3/13/2026
309,Sloane Sallter,60,63,France,4/15/2026
310,Nerty Laurenz,45,2873,Poland,4/8/2026
311,Nicolea Porrett,35,676,Ukraine,2/5/2026
312,Ethan Bownas,42,886,Philippines,5/27/2025
313,Edlin Speed,44,4230,Philippines,10/4/2025
314,Daisi Coveny,47,2359,Greece,2/13/2026
315,Dani Ravillas,54,4844,Indonesia,12/22/2025
316,Maxy Jolland,24,759,Russia,9/11/2025
317,Leoline Ruppert,18,1877,Finland,11/6/2025
318,Jeri Onion,38,2890,Peru,12/31/2025
319,Madonna Laughnan,57,2067,Indonesia,9/21/2025
320,Arther Spelman,52,247,Russia,12/2/2025
321,Charline Catlow,52,4993,France,7/30/2025
322,Dietrich Broddle,55,3922,China,6/17/2025
323,Kearney Prazor,32,548,Bolivia,10/17/2025
324,Fairleigh Ducker,53,2398,Sweden,12/19/2025
325,Drusilla Legion,54,3605,Russia,7/18/2025
326,Demetris Pringour,39,2299,Poland,1/14/2026
327,Lothaire Dunguy,36,306,Colombia,2/8/2026
328,Cacilie Brounfield,37,4103,Norway,7/25/2025
329,Darryl Reid,43,3502,Portugal,12/8/2025
330,Augy Toft,40,3754,Mozambique,6/17/2025
331,Ajay Morritt,22,1915,China,4/17/2025
332,Allene Pynner,68,1170,Kenya,7/5/2025
333,Shoshana Judson,55,2576,United States,3/30/2026
334,Kippar Sullly,54,2557,Poland,6/15/2025
335,Idette Falconer,60,1284,China,6/28/2025
336,Mallissa Holsall,69,4057,Cameroon,4/29/2025
337,Cybil Wellen,70,4486,Indonesia,5/5/2025
338,Raimundo Swain,42,3756,China,11/30/2025
339,Leonore Hylands,44,684,Albania,12/11/2025
340,Rick Shone,58,1267,Vietnam,10/3/2025
341,Toddy Crellin,47,4341,Brazil,5/8/2025
342,Randolph Seeds,32,3291,China,7/21/2025
343,Christian Kearle,32,4956,Indonesia,1/1/2026
344,Chrisse Delouch,35,2870,Russia,11/14/2025
345,Gayle Hirtzmann,18,2546,Indonesia,4/27/2025
346,Phillis O' Quirk,59,818,China,9/8/2025
347,Milicent Andrysiak,65,1558,China,7/31/2025
348,Myron Slocomb,69,432,Morocco,12/6/2025
349,Adore Forster,21,4326,Indonesia,7/4/2025
350,Nicol Egdal,19,3478,Philippines,3/2/2026
351,Marieann de la Valette Parisot,24,1878,France,11/16/2025
352,Nels Billington,33,1618,United States,10/15/2025
353,Balduin McClunaghan,39,853,China,1/24/2026
354,Saunders Ryott,19,1254,Nigeria,3/5/2026
355,Brnaby Spradbery,19,739,Philippines,5/4/2025
356,Kermie Nell,33,4392,China,4/6/2026
357,Dieter Kayne,56,231,Nigeria,2/8/2026
358,Tiff Puckring,54,2527,China,9/21/2025
359,Joscelin Kirkpatrick,68,3138,Brazil,5/22/2025
360,Bidget Kneeland,65,4036,Pakistan,4/30/2025
361,Frannie Sidery,18,1595,Uganda,11/16/2025
362,Malva Boyford,53,3393,Russia,12/7/2025
363,Keeley Petworth,63,4577,China,11/24/2025
364,Lorry Carnelley,68,4179,Brazil,11/4/2025
365,Isobel Given,69,1733,Russia,1/26/2026
366,Stefa Goss,59,4022,China,9/22/2025
367,Issy Ladbury,24,3170,China,9/24/2025
368,Joleen Cridlan,45,3815,Peru,12/14/2025
369,Hanson Kelson,25,45,Philippines,5/29/2025
370,Brad Jezard,29,143,Indonesia,7/27/2025
371,Harv Teliga,37,837,El Salvador,10/13/2025
372,Taylor Mattiassi,30,2974,Ecuador,12/19/2025
373,Staci O'Currane,41,3828,Malta,10/27/2025
374,Alberik Villaron,33,638,Western Sahara,1/11/2026
375,Jaime Garbett,65,4504,Portugal,9/18/2025
376,Frederica Lydiatt,21,1090,Kazakhstan,3/31/2026
377,Olivette Ruberti,55,2418,China,6/19/2025
378,Alverta Kubes,45,4909,Comoros,1/29/2026
379,Levi Filipputti,61,1861,Central African Republic,8/12/2025
380,Mata Deeney,51,4697,Argentina,3/21/2026
381,Byram O'Flaverty,30,3868,Russia,6/22/2025
382,Bea Bim,52,3314,Indonesia,11/11/2025
383,Cissiee Randlesome,62,851,Philippines,7/16/2025
384,Dulcinea Coie,54,4764,China,5/18/2025
385,Verena Penswick,57,3751,Bangladesh,10/3/2025
386,Lulita Burness,40,3208,Slovenia,8/29/2025
387,Lindsy Wynrehame,58,1471,Brazil,3/1/2026
388,Darda Daton,69,311,Denmark,6/8/2025
389,Dell Pratty,68,1296,Kuwait,3/29/2026
390,Moll Brosio,47,4431,China,11/26/2025
391,Vonnie Kernan,49,3451,Portugal,7/24/2025
392,Jyoti Chipman,62,3372,Russia,6/14/2025
393,Edie Greed,63,4742,China,9/4/2025
394,Hedy Trubshaw,19,1086,Ukraine,8/21/2025
395,Aharon Kervin,51,3872,Kyrgyzstan,7/15/2025
396,Conan Bridgement,52,3423,Tonga,1/2/2026
397,Brigida Heggison,42,178,Russia,4/21/2025
398,Manny Ethersey,61,451,China,5/8/2025
399,Kellyann O'Shevlan,48,4343,Poland,3/29/2026
400,Raul McGroarty,47,1662,Greece,8/13/2025
401,Lancelot Aickin,46,4901,Brazil,1/4/2026
402,Hallsy Holleworth,47,4205,Russia,10/15/2025
403,Montague Sherbrook,57,3294,Peru,5/4/2025
404,Pearce Yuille,58,2430,Philippines,1/15/2026
405,Aeriell Pimer,26,3626,China,2/20/2026
406,Philippa Kilban,54,2433,Vietnam,8/15/2025
407,Worden Sloley,45,1724,Macedonia,2/24/2026
408,Desi Clubb,62,2309,China,7/10/2025
409,Ardisj MacMaykin,52,3560,Zimbabwe,5/17/2025
410,Keefe Akaster,26,3500,Peru,10/30/2025
411,Godfrey Mound,32,3317,Indonesia,9/24/2025
412,Boycey Brownsall,56,2172,United States,7/6/2025
413,Denna Ruck,41,3638,Indonesia,8/21/2025
414,Klarrisa Lockett,37,2500,Japan,11/16/2025
415,Ryun Peacham,30,2198,Poland,4/23/2025
416,Lucienne Copcote,39,660,Indonesia,1/26/2026
417,Monte McShane,28,704,Indonesia,5/19/2025
418,Ronna Clausner,70,3302,Ukraine,9/25/2025
419,Damien Dolby,46,646,Argentina,9/28/2025
420,Scotti Crinkley,56,1834,China,1/8/2026
421,Oby Kopelman,40,3468,Brazil,5/7/2025
422,Ezechiel Ivy,47,4449,Albania,3/22/2026
423,Maureen Woollin,33,2388,Ukraine,8/30/2025
424,Flinn Dory,38,2153,Philippines,1/27/2026
425,Vivia Beyn,22,3943,Afghanistan,6/8/2025
426,Stesha Gosnell,36,2865,Russia,3/8/2026
427,Ikey Welfare,53,3448,Peru,6/18/2025
428,Rockey Rollinson,40,1008,Sweden,2/15/2026
429,Gasper Renneke,57,1561,Japan,2/3/2026
430,Darryl Albrook,46,2972,Portugal,6/1/2025
431,Aubrette Prest,27,2795,Bosnia and Herzegovina,12/27/2025
432,Constantin Patzelt,45,1630,Argentina,1/1/2026
433,Laney Santon,26,3608,Poland,3/17/2026
434,Brittan Huitson,36,1148,Nigeria,7/17/2025
435,Sonnie Do Rosario,49,3458,Mexico,10/12/2025
436,Terese Trowsdale,39,1857,China,10/6/2025
437,Melisse Hyett,18,1829,Canada,2/9/2026
438,Somerset Gossart,18,3231,Sweden,6/29/2025
439,Helen-elizabeth Robichon,52,904,Iran,5/9/2025
440,Florian Twentyman,41,3356,France,6/3/2025
441,Eileen Rosenstock,58,1719,Tunisia,1/14/2026
442,Willyt Pawling,27,2365,China,8/15/2025
443,Catherina Slatten,37,4933,Indonesia,9/28/2025
444,Glennis Theakston,44,3408,Uruguay,7/12/2025
445,Dick Wisby,20,2759,Peru,7/31/2025
446,Sax Caldero,18,3513,Afghanistan,8/13/2025
447,Bond Wolffers,22,2517,Guatemala,11/4/2025
448,Wells Ridger,46,4281,Ukraine,3/1/2026
449,Wit Rubee,25,3708,Kuwait,6/5/2025
450,Michaela Redman,69,3783,France,9/25/2025
451,Keefer Cranage,28,3890,Syria,12/16/2025
452,Whitby Cricket,66,4908,Argentina,3/12/2026
453,Bridget Vigus,51,2121,Indonesia,11/25/2025
454,Rayshell Meharry,24,533,Greece,12/14/2025
455,Goldie Ludlam,25,618,Indonesia,1/8/2026
456,Marley Edwardes,68,2235,Argentina,5/25/2025
457,Bob Moyle,68,2035,South Africa,1/4/2026
458,Quinn Mahony,40,4236,Thailand,5/16/2025
459,Sloan Sweating,58,4488,China,2/13/2026
460,Marjory Shipman,41,1093,Mexico,12/27/2025
461,Ilse Hugnin,46,1909,Russia,3/21/2026
462,Tonye Furmston,59,3763,Portugal,8/2/2025
463,Esmeralda Erbain,54,534,China,12/20/2025
464,Mollie McCaig,64,1256,Greece,4/16/2025
465,Annecorinne Crowch,21,4224,China,3/26/2026
466,Nobie Wickersham,49,4569,Morocco,11/14/2025
467,Alvin Emanulsson,57,1746,Philippines,5/24/2025
468,Marcel Ranken,67,4866,Russia,5/13/2025
469,Neale Spottswood,66,2397,Macedonia,2/22/2026
470,Gare Wordley,62,4978,China,7/2/2025
471,Lottie Guilliatt,26,1920,Philippines,9/21/2025
472,Nolan Binion,59,2302,Norway,9/28/2025
473,Clerissa Agius,27,2296,France,6/28/2025
474,Zitella Vaune,36,4092,Saudi Arabia,4/11/2026
475,Dewain Woolmer,46,1064,Indonesia,4/27/2025
476,Sheri Guice,64,2222,China,6/3/2025
477,Rozanne Myerscough,46,2652,Russia,3/27/2026
478,Eddie Dutchburn,33,4484,Jamaica,5/7/2025
479,Tallie Tolchar,60,3695,Sweden,5/6/2025
480,Yolane Kohen,35,3729,Thailand,12/16/2025
481,Chryste De Andreis,37,4072,Mongolia,7/31/2025
482,Riane Wardale,50,2576,China,4/5/2026
483,Delora Early,42,3185,Albania,10/13/2025
484,Lois Glantz,39,2142,Botswana,10/19/2025
485,Mindy Waplington,20,3865,China,8/6/2025
486,Velma Rowcliffe,23,3090,Argentina,7/2/2025
487,Efrem Tooze,44,4687,Russia,7/5/2025
488,Karen Brecknall,32,1197,Serbia,10/25/2025
489,D'arcy Patillo,54,2525,Brazil,6/10/2025
490,Marni Beavers,56,864,Sudan,3/4/2026
491,Nicolle Lief,21,226,Indonesia,8/10/2025
492,Horacio Synnot,43,493,China,1/1/2026
493,Dirk Phettis,23,1257,Brazil,9/8/2025
494,Arvie Guiduzzi,54,1609,China,12/17/2025
495,Ely Northcote,45,1214,China,8/3/2025
496,Taylor Robroe,39,829,Philippines,8/6/2025
497,Corinna Dibdale,56,2337,Poland,6/9/2025
498,Jasun Warlock,51,328,Bulgaria,1/6/2026
499,Lyndel Ivoshin,65,42,Serbia,1/11/2026
500,Tabatha Jiras,43,3492,Argentina,11/15/2025
501,Langsdon Trudgian,42,1766,Guatemala,6/23/2025
502,Wilburt Hanne,60,2067,Poland,10/15/2025
503,Clemmie Burrass,50,2392,Russia,8/5/2025
504,Lynde Ozanne,68,465,Croatia,1/7/2026
505,Tedra Andrag,18,1512,Belarus,3/29/2026
506,Irving Tombs,39,2821,Peru,7/18/2025
507,Iorgo Bolesma,70,3366,Czech Republic,2/28/2026
508,Leta Dunning,27,4230,China,7/28/2025
509,Arlette Aldrin,47,390,Philippines,6/24/2025
510,Carie Oley,66,2440,Indonesia,11/25/2025
511,Evyn Cockram,31,3128,Indonesia,12/18/2025
512,Margalo Lampard,53,3061,Indonesia,4/12/2026
513,Pen Baldwin,45,4029,Zimbabwe,5/31/2025
514,Aridatha Whorton,23,3462,Indonesia,10/18/2025
515,Culver Reims,30,1060,China,4/19/2025
516,Cherice Dowley,46,4218,France,2/7/2026
517,Lillis Vedeniktov,61,1125,Russia,5/6/2025
518,Eddie Tolumello,24,3193,Brazil,8/9/2025
519,Rori Gheraldi,21,348,Indonesia,9/8/2025
520,Aurie McCowen,65,4692,Latvia,4/11/2026
521,Gardy McTerrelly,24,1813,China,1/30/2026
522,Bailey Ivashintsov,42,2382,Portugal,6/12/2025
523,Rossy Kinnaird,44,1700,Brazil,2/11/2026
524,Shirline Clifford,58,3563,Chad,5/30/2025
525,Felipa Campa,59,2307,United Kingdom,10/5/2025
526,Willey Dillistone,62,3332,Sweden,10/21/2025
527,Shelley Singleton,32,4336,Indonesia,3/21/2026
528,Jackie O'Halloran,46,4014,Ukraine,11/12/2025
529,Lennard Tabrett,23,533,China,5/19/2025
530,Rosa Thacker,53,2030,Russia,5/22/2025
531,Marje Gonzales,22,3408,Jordan,6/15/2025
532,Merrilee Kermon,24,3384,Zambia,8/12/2025
533,Gradeigh Hurd,63,4553,Poland,9/9/2025
534,Dennie Rowter,28,941,Ukraine,6/9/2025
535,Wayland Halgarth,18,2341,China,4/24/2025
536,Rowen Hoodlass,45,4251,South Africa,12/22/2025
537,Isidro Spedroni,41,3192,Norway,1/29/2026
538,Berget Ashbey,33,702,Japan,12/30/2025
539,Lincoln Werrilow,19,4870,Slovenia,11/20/2025
540,Mab Wissby,22,2469,Argentina,5/22/2025
541,Don Lundbeck,34,4387,Serbia,8/31/2025
542,Eulalie Furniss,70,4746,Indonesia,4/24/2025
543,Farleigh Starton,66,3575,Japan,5/11/2025
544,Westbrooke Burrett,59,563,Sri Lanka,10/29/2025
545,Tracy Gealy,20,1980,Iran,7/1/2025
546,Minnaminnie Tingle,48,4911,Croatia,8/30/2025
547,Becki Langelaan,44,1823,China,7/30/2025
548,Bevvy Norledge,21,4397,Indonesia,5/22/2025
549,Loralee Beed,66,962,Peru,12/7/2025
550,Nomi Fish,22,701,United States,4/10/2026
551,Dorris Colby,60,884,Russia,12/14/2025
552,Barth Koubek,51,1290,Indonesia,5/23/2025
553,Ashby Josefsen,26,2833,Sweden,5/24/2025
554,Obadiah Zwicker,63,1225,Sweden,6/28/2025
555,Jermain Kurtis,34,4495,Brazil,9/29/2025
556,Darin Coleford,33,2888,China,8/28/2025
557,Uriel Sancto,32,572,Norway,11/6/2025
558,Katha Mathivat,65,3241,Philippines,3/25/2026
559,Ulla Cicco,59,4712,Indonesia,10/17/2025
560,Rutger Laneham,40,92,Portugal,11/5/2025
561,Aurea Emmanuele,30,2794,Ethiopia,11/7/2025
562,Boigie Hunting,62,3673,China,5/14/2025
563,Elnore Gurley,28,215,Philippines,5/10/2025
564,Nathan Kornilyev,47,4508,Indonesia,5/21/2025
565,Borg Bolgar,22,223,Venezuela,7/27/2025
566,Gaston Markel,28,3942,China,10/10/2025
567,Ashley Christofle,39,1393,Pakistan,2/22/2026
568,Jillie Bowen,41,788,China,12/19/2025
569,Theresita Bateup,69,2244,China,2/21/2026
570,Jade Adamek,57,4491,Brazil,8/24/2025
571,Letisha Knipe,61,2443,China,8/7/2025
572,Fair Gatenby,58,2760,China,5/24/2025
573,Laurette Finicj,64,345,Argentina,7/18/2025
574,Grenville Antunes,39,703,Georgia,4/23/2025
575,Livvy Purkins,65,3677,France,9/4/2025
576,Frieda Coutthart,24,3289,China,12/7/2025
577,Uriel Bodiam,19,2551,Indonesia,10/25/2025
578,Gabriele Hamp,65,3785,Indonesia,12/22/2025
579,Jasmine Inde,68,1778,Brazil,1/19/2026
580,Nobie Matushenko,21,4215,Guatemala,1/11/2026
581,Dot Toquet,28,56,New Zealand,4/6/2026
582,Patin Lemmon,18,73,Poland,2/23/2026
583,Gaile Jellyman,36,3660,Czech Republic,1/22/2026
584,Whitney Banasik,19,525,China,10/26/2025
585,King Breinlein,24,3533,Argentina,9/26/2025
586,Padraig Bagworth,70,2593,Belarus,8/20/2025
587,Jamie Lipman,26,486,Indonesia,5/11/2025
588,Faun Quigg,64,3207,Greece,11/6/2025
589,Jilly Lesor,55,4638,Greece,4/24/2025
590,Angelico Norheny,49,4538,Poland,7/27/2025
591,Isobel Imm,35,1377,Mali,11/23/2025
592,Filide Harmour,37,3342,Argentina,1/18/2026
593,Netta Fasham,36,4721,Indonesia,3/18/2026
594,Garland Warlock,65,1558,Mongolia,6/23/2025
595,Whitney Wimes,57,818,China,5/31/2025
596,Lorne Berntssen,60,1988,Indonesia,9/1/2025
597,Sibella Shapland,31,3309,Togo,12/4/2025
598,Elena Gallandre,53,3561,Hungary,9/29/2025
599,Pauly Appleford,44,4821,Peru,6/25/2025
600,Mart Asbery,33,1220,Canada,9/6/2025
601,Averyl Worden,22,3319,China,2/12/2026
602,Ellynn Gowenlock,37,2733,Poland,1/10/2026
603,Eudora Dewick,50,1955,Georgia,11/10/2025
604,Aurlie Hatherleigh,65,1572,Indonesia,9/22/2025
605,Leslie Silverlock,41,2207,Thailand,1/9/2026
606,Barty Kinloch,54,4145,Japan,7/24/2025
607,Mason Dow,64,632,South Korea,5/3/2025
608,Gil Alam,68,1900,Sweden,12/26/2025
609,Francine Gillean,50,4832,Yemen,12/2/2025
610,Faun Willcox,35,3747,China,7/3/2025
611,Cleopatra Lomb,64,2045,Indonesia,7/27/2025
612,Rae Heyball,41,3958,China,10/10/2025
613,Orelle MacAlroy,30,3310,China,8/24/2025
614,Saunder Twopenny,63,3973,Croatia,11/2/2025
615,Leeanne Blease,46,4184,Bangladesh,8/8/2025
616,Karisa Bastone,33,297,Poland,3/15/2026
617,Marthena Swetland,20,2423,China,12/22/2025
618,Sarette Vagg,32,1190,Sweden,1/19/2026
619,Haleigh Slesser,22,4326,South Korea,12/6/2025
620,Alameda Sorbey,50,69,China,12/16/2025
621,Debby Tomkinson,31,2184,Mexico,2/24/2026
622,Rhys Eakens,32,4827,Vietnam,2/7/2026
623,Byron McNee,60,948,China,12/14/2025
624,Karie Simson,20,970,China,11/22/2025
625,Daisi Chattock,20,4233,United States,7/11/2025
626,Quincey Seton,54,1596,Lithuania,8/25/2025
627,Tailor O'Leary,69,3451,Japan,12/28/2025
628,Dyanne Chaves,54,617,China,2/28/2026
629,Bentlee Philpots,33,1143,Portugal,9/9/2025
630,Lilla Lett,26,2772,Nicaragua,7/17/2025
631,Addy McGuiney,63,3088,Canada,8/6/2025
632,Brittaney O'Suaird,63,999,Croatia,7/31/2025
633,Heddi Raison,43,1183,Nepal,9/22/2025
634,Nadiya Gordge,36,1883,Afghanistan,5/31/2025
635,Sandro Philbrick,55,3900,China,3/25/2026
636,Tallulah Castane,64,3368,Greece,6/14/2025
637,Maxie Keneford,26,1098,Portugal,8/15/2025
638,Kelli Crix,46,841,Argentina,6/25/2025
639,Darrin Sieghart,68,894,Indonesia,3/3/2026
640,Alvie Tivnan,37,1337,Indonesia,3/19/2026
641,Hinda Matei,39,1942,Armenia,10/18/2025
642,Whitby Deeley,63,4582,Peru,4/15/2026
643,Suzy Pude,69,597,Denmark,5/11/2025
644,Zenia Willcot,30,882,Poland,4/30/2025
645,Lacy Dhenin,28,3426,Thailand,11/18/2025
646,Ebeneser Rimington,66,2669,Albania,7/4/2025
647,Shay Jacob,68,2144,Philippines,10/6/2025
648,Andrew Worcs,52,173,China,12/6/2025
649,Eda Kovacs,69,519,China,4/17/2025
650,Peg Carsberg,23,366,Colombia,12/8/2025
651,Leonelle Rosenstiel,29,1468,Albania,7/1/2025
652,Brett Ashcroft,23,898,Brazil,5/21/2025
653,Clarey Kobpa,50,2398,Saudi Arabia,1/25/2026
654,Denney Hagland,28,1302,China,4/15/2026
655,Samara Fellgatt,29,3005,China,10/4/2025
656,Augusto Bras,69,556,Cape Verde,3/20/2026
657,Lexi Struthers,59,1490,Egypt,3/12/2026
658,Frasier Casbon,34,4953,Myanmar,10/8/2025
659,Dunstan Van Der Weedenburg,53,4088,Russia,10/27/2025
660,Myer Fazzioli,59,2269,Indonesia,2/16/2026
661,Dell Spencelayh,35,470,Indonesia,1/16/2026
662,Arabela Chastan,61,4875,Indonesia,9/5/2025
663,Corny Scamp,62,867,Poland,8/29/2025
664,Latrina Ghidelli,62,4298,Philippines,1/14/2026
665,Cathlene Blazey,56,4167,France,6/24/2025
666,Doretta Simacek,18,2094,Indonesia,3/24/2026
667,Brita Witherdon,53,3362,Israel,3/18/2026
668,Licha Drinkale,33,2444,Sweden,12/7/2025
669,Consalve Bailes,50,3627,Brazil,8/29/2025
670,Daphna Packington,70,1361,Cuba,10/8/2025
671,Melisent Bellerby,51,4746,China,2/13/2026
672,Obediah Antushev,44,3419,China,7/9/2025
673,Lon Pinare,39,297,Indonesia,5/28/2025
674,Adriane Carrigan,38,4669,Philippines,9/9/2025
675,Bentlee Chappel,69,3341,China,12/5/2025
676,Emery Shrimptone,30,418,Canada,4/6/2026
677,Terry Veldens,40,1694,Vietnam,7/8/2025
678,Lurleen Suart,25,4020,Uganda,7/15/2025
679,Davis Akers,65,4468,Portugal,6/19/2025
680,Pierette O'Halloran,24,1859,Portugal,8/28/2025
681,Lazar Lamberti,39,3117,Russia,4/22/2025
682,Harley Daniellot,38,1835,Venezuela,2/16/2026
683,Codi Laugier,39,2599,China,8/17/2025
684,Lib Jeandillou,40,2178,China,7/25/2025
685,Walton Ballentime,60,943,Colombia,7/5/2025
686,Carson Charlot,33,2702,Indonesia,3/27/2026
687,Fidela Trudgion,62,24,United States,10/9/2025
688,Kimmy Bindon,29,3761,Russia,12/29/2025
689,Brittani Noury,47,3490,China,6/3/2025
690,Bab Halgarth,35,3792,Indonesia,11/5/2025
691,Lorie Silveston,30,4338,China,5/19/2025
692,Myrtle Gerriessen,66,4506,Ireland,6/23/2025
693,Patricia Pocke,68,254,China,8/24/2025
694,Sonnie Ravenshaw,50,2677,Brazil,5/24/2025
695,Drusie Pallatina,42,3149,Armenia,8/14/2025
696,Sherry Wilber,44,2446,United States,4/26/2025
697,Ludvig Dunkinson,34,1770,China,6/17/2025
698,Eward Osbourne,29,3098,Indonesia,7/2/2025
699,Monica McGerraghty,28,4655,Thailand,8/18/2025
700,Lemmy Routledge,34,2734,Russia,6/18/2025
701,Roselle Jore,50,2006,Iran,2/17/2026
702,Massimiliano Tulleth,21,1477,Chile,6/24/2025
703,Sylvan Patzelt,68,1187,China,1/5/2026
704,Ranee Andriveaux,18,14,Syria,7/28/2025
705,Lidia Thomasset,28,1392,Colombia,10/22/2025
706,Kath Burniston,18,1755,Russia,5/19/2025
707,Vonnie Penhearow,36,4295,Indonesia,5/24/2025
708,Hervey Jeromson,65,3402,South Africa,7/24/2025
709,Jessey Tricker,35,2990,France,1/2/2026
710,Fiorenze Tayspell,27,26,Zimbabwe,8/7/2025
711,Tish Prati,41,3799,China,1/26/2026
712,Sonny Geaney,42,3960,Indonesia,3/18/2026
713,Marietta Bibbie,49,4619,Thailand,5/7/2025
714,Margeaux Pellamont,70,3666,Sweden,8/29/2025
715,Alleen McCarty,37,4169,Uganda,7/16/2025
716,Claude Cartmale,52,3730,Israel,1/2/2026
717,Kahlil Shepeard,45,1450,Bangladesh,6/27/2025
718,Bryon Stennett,24,506,China,10/9/2025
719,Willa Brierton,58,2658,Indonesia,4/10/2026
720,Guinevere Claremont,29,113,Brazil,6/13/2025
721,Maurene Orans,35,417,China,1/13/2026
722,Yolanthe Scrauniage,23,3575,Portugal,5/11/2025
723,Melanie Livesley,21,4079,Poland,2/4/2026
724,Micki Stolberg,46,1811,China,2/3/2026
725,Barton Saldler,24,2347,United States,4/16/2025
726,Laureen Gibbens,56,499,Japan,6/24/2025
727,Anastasia Dunklee,45,4734,Japan,9/20/2025
728,Hillie Corlett,19,3299,Japan,2/20/2026
729,Annelise Pinckney,30,1905,Indonesia,2/12/2026
730,Jocko Vaillant,42,1472,Slovenia,8/9/2025
731,Cynthea Silverlock,32,3131,Argentina,2/26/2026
732,Amata Labin,39,3548,Colombia,11/13/2025
733,Adrian McGinley,62,170,Finland,7/15/2025
734,Linell Tothe,34,2237,Jamaica,4/3/2026
735,Muire Dayment,25,723,Switzerland,3/11/2026
736,Jay Troctor,61,3486,China,8/14/2025
737,Tim Elson,46,834,Russia,11/21/2025
738,Eba Ondracek,28,4891,China,7/7/2025
739,Sadie Thornton,18,1980,China,12/17/2025
740,Kali MacIntosh,44,1851,Albania,12/21/2025
741,Abigail Ashingden,33,2114,Peru,1/4/2026
742,Alisun Francioli,50,1839,Indonesia,3/23/2026
743,Alphonso Rosenblad,35,4764,Brazil,5/11/2025
744,Asher Leslie,58,345,China,3/10/2026
745,Frederica Sunner,69,304,Indonesia,7/15/2025
746,Donall Andrez,23,4290,Portugal,3/28/2026
747,Thorvald Gibson,48,1089,Argentina,1/31/2026
748,Jaimie Klain,34,3235,France,9/29/2025
749,Pippo Pyvis,64,2811,Ukraine,6/10/2025
750,Link Waltering,18,2070,Brazil,2/18/2026
751,Elden Sievewright,53,4989,China,5/22/2025
752,Rodina Olanda,43,543,Indonesia,9/28/2025
753,Demetre Gooderridge,32,3438,Russia,8/31/2025
754,Abbie Fowden,34,346,Indonesia,11/8/2025
755,Lucias Gilliam,46,3234,China,12/7/2025
756,Clerc Bostick,30,1273,Indonesia,4/26/2025
757,Ardath Lauridsen,22,2223,Poland,10/30/2025
758,Laughton McTerry,51,281,China,10/10/2025
759,Angela Bierton,52,4319,Ecuador,5/22/2025
760,Addie Ladloe,21,136,China,1/27/2026
761,Rowan Willcot,25,1365,China,12/16/2025
762,Jessalyn Nettles,33,516,Poland,8/12/2025
763,Rina Pester,20,4540,Indonesia,4/11/2026
764,Keslie Cottie,48,4249,Russia,12/5/2025
765,Cybil Jobbins,68,4952,Czech Republic,5/6/2025
766,Ermin Lilian,55,648,Indonesia,7/24/2025
767,Sanford Tutchings,49,1357,Philippines,3/19/2026
768,Falito Butland,34,2085,Portugal,12/7/2025
769,Gillan Birtonshaw,64,780,Dominican Republic,11/15/2025
770,Thurstan McKerton,20,3198,Bulgaria,7/10/2025
771,Reena Mote,42,2756,South Sudan,2/14/2026
772,Maria Somes,49,153,Thailand,5/18/2025
773,Dayle Bezarra,31,2171,Croatia,2/9/2026
774,Stacey Demchen,47,3880,Sweden,5/31/2025
775,Johnnie Carnaman,38,2082,Norway,10/11/2025
776,Eartha Bentote,33,556,United States,10/24/2025
777,Naomi Wainwright,34,4546,Poland,8/19/2025
778,Heath Portress,45,3828,Malaysia,10/20/2025
779,Cristine Barefoot,48,4332,Myanmar,1/26/2026
780,Tabb Urch,59,4110,China,8/8/2025
781,Salvidor Abbay,53,4085,China,7/24/2025
782,Rhett Murrigans,43,3684,Canada,9/30/2025
783,Korey Rennles,59,246,France,2/2/2026
784,Madelon Haney`,43,4202,Russia,1/10/2026
785,Miriam Cumberpatch,18,1788,Mexico,4/9/2026
786,Helli Felgat,32,493,Philippines,8/27/2025
787,Rosanna Jerche,23,3198,Peru,2/2/2026
788,Redford Leguey,22,3739,Russia,9/19/2025
789,Winfred Mozzini,32,132,China,7/19/2025
790,Erskine Tunn,27,4284,Philippines,10/8/2025
791,Addie Scandroot,45,1644,China,11/9/2025
792,Andree Portriss,25,1253,France,2/16/2026
793,Ingmar Klezmski,28,722,Poland,1/21/2026
794,Maire Nulty,59,1542,Ireland,7/24/2025
795,Bud Jindrich,49,3022,Albania,8/20/2025
796,Tanitansy Ingraham,46,2320,Canada,8/3/2025
797,Toddie Pietrzyk,54,3260,Peru,1/26/2026
798,Rosetta Clair,43,829,France,12/27/2025
799,Maxie Romanin,57,3614,Japan,6/26/2025
800,Kaylee Zuker,19,417,Russia,3/13/2026
801,Allix Bilfoot,67,645,Poland,1/22/2026
802,Vita Ayllett,28,1552,China,5/2/2025
803,Ellette Thynn,56,83,China,11/24/2025
804,Kattie Hullin,34,4492,Sweden,12/4/2025
805,Domenic Gorini,63,2796,Venezuela,5/8/2025
806,Tabby Hattoe,46,4621,Ecuador,5/14/2025
807,Sheppard Grimditch,61,3659,China,7/1/2025
808,Dacia Tubb,41,2268,Russia,7/11/2025
809,Ursulina Agastina,26,88,Philippines,4/16/2025
810,Kurt Cohen,21,4364,China,3/10/2026
811,Syd Arkle,69,3908,Botswana,1/10/2026
812,Bell Menlow,43,2398,China,1/13/2026
813,Carlo Wyatt,24,1720,China,8/15/2025
814,Ashely Marvin,70,2349,China,11/2/2025
815,Jerrie Caldaro,30,1909,China,4/19/2025
816,Price Van Oord,70,4071,Indonesia,3/31/2026
817,Valeria Schimoni,64,1943,Brazil,3/20/2026
818,Louella Mallan,27,2137,Portugal,11/9/2025
819,Leroy Biever,62,1015,Indonesia,10/17/2025
820,Abbye Kenyon,57,1241,China,4/20/2025
821,Ivor Housecraft,49,4260,Peru,2/7/2026
822,Muffin Hambleton,51,1115,Russia,2/18/2026
823,Doretta Wooller,62,791,Afghanistan,11/24/2025
824,Ginger Elie,42,4972,Poland,12/24/2025
825,Marve Noraway,31,935,Philippines,12/6/2025
826,Brig Eichmann,34,1788,Peru,9/19/2025
827,Pauli Swindley,29,953,Tunisia,2/28/2026
828,Coraline Wansbury,64,1210,Philippines,10/3/2025
829,Mendy Lacotte,62,3348,Yemen,9/24/2025
830,Ervin Dacres,69,4876,Portugal,9/18/2025
831,Raychel Baggs,19,2962,Honduras,5/29/2025
832,Nadeen Biss,48,1037,Indonesia,9/6/2025
833,Salvador Blakely,48,2460,China,1/8/2026
834,Elberta Milliken,49,3737,Brazil,1/9/2026
835,Wesley Bollom,43,714,United States,11/16/2025
836,Myrah Renihan,19,119,Indonesia,11/9/2025
837,Curran Aseef,26,2897,Botswana,10/7/2025
838,Yurik Scammonden,57,2383,Japan,4/14/2026
839,Wye Boice,56,875,Indonesia,1/16/2026
840,Janaye Heavens,25,1033,Canada,5/1/2025
841,Audy Bromont,68,3301,China,9/6/2025
842,Karoly Cristobal,69,1307,United States,10/17/2025
843,Latrena Richardes,39,2240,Portugal,6/20/2025
844,Sylvia Gait,59,651,China,7/1/2025
845,Roobbie Eichmann,63,4978,China,12/18/2025
846,Mame Shadwick,41,1590,Peru,9/26/2025
847,Andrus Emptage,66,1808,Tunisia,8/8/2025
848,Donnajean Ramsted,68,3528,Pakistan,4/14/2026
849,Bonnie Sambedge,51,2125,Indonesia,12/12/2025
850,Nappy Britch,19,2364,Philippines,2/22/2026
851,Josh Bovey,69,2609,Tanzania,12/21/2025
852,Dennie Lismore,39,4090,China,8/22/2025
853,Shea Swanson,49,3931,China,6/13/2025
854,Grange Ciccarello,57,3173,Dominican Republic,9/10/2025
855,Drusy Krolle,64,1438,Russia,11/22/2025
856,Elianore Raye,27,3664,Peru,12/5/2025
857,Aveline Rosini,42,2406,Cyprus,5/22/2025
858,Codi Jelf,22,1645,Colombia,8/15/2025
859,Lucilia Burgon,50,4850,Indonesia,10/7/2025
860,Gwendolin Duxbury,20,4389,Sweden,10/3/2025
861,Maurita Wherrit,42,758,United States,11/5/2025
862,Willey Moiser,31,698,Ireland,5/21/2025
863,Bonnee Wooderson,31,1532,Czech Republic,8/30/2025
864,Stafani Brake,32,4512,Philippines,8/6/2025
865,Virginie MacBrearty,47,3628,Vietnam,10/30/2025
866,Glory Regus,34,3749,Indonesia,5/22/2025
867,Chickie Ponceford,42,686,Indonesia,10/26/2025
868,Cathrine Hoyle,32,20,China,7/25/2025
869,Deeanne Grace,47,2955,Philippines,7/3/2025
870,Tobin Woodberry,60,4564,China,12/23/2025
871,Elli Lamar,65,57,Sweden,3/16/2026
872,Murvyn Crake,32,989,Russia,8/5/2025
873,Graeme Mailes,46,1905,Sweden,10/20/2025
874,Sara Bachelor,47,2076,Thailand,11/18/2025
875,Minerva Blaszczak,61,2852,Indonesia,9/18/2025
876,Finn Wennington,50,2271,Philippines,12/5/2025
877,Minnnie Wloch,42,1171,Morocco,11/30/2025
878,Nathalie Norree,19,627,Indonesia,10/29/2025
879,Kira Bianco,54,4030,Argentina,10/14/2025
880,Otha Suddell,52,4438,Egypt,6/1/2025
881,Ronnica Benedidick,59,3691,Thailand,1/11/2026
882,Cherida Daniel,64,3027,China,7/22/2025
883,Lindy Stratiff,35,767,Colombia,7/24/2025
884,Arron Beadon,66,4666,Kazakhstan,2/22/2026
885,Caryl Kneesha,23,3423,Senegal,6/23/2025
886,Berkie Squirrell,40,1069,China,6/30/2025
887,Guthry Dallyn,70,3122,Czech Republic,3/26/2026
888,Barrie Wreak,44,4537,Nicaragua,10/3/2025
889,Alis Haddick,24,2243,Russia,6/27/2025
890,Gerri Varian,21,408,Czech Republic,10/7/2025
891,Richard Bilsford,56,4173,South Korea,11/14/2025
892,Herbert Hannum,45,3538,Philippines,1/11/2026
893,Merle Sutterby,46,2502,Sweden,8/12/2025
894,Berk Saladin,49,2191,Ukraine,1/3/2026
895,Jesselyn Mather,19,1547,Portugal,12/28/2025
896,Ofelia Sirett,35,1570,Slovenia,2/7/2026
897,Rachael Magovern,59,1634,United States,4/26/2025
898,Brear Fairs,35,857,Poland,4/11/2026
899,Frederich Reville,42,393,China,10/31/2025
900,Cointon Munday,18,1987,Saudi Arabia,9/19/2025
901,Petronia Papaccio,27,325,Nigeria,12/21/2025
902,Rebecca Kivlehan,34,4571,Brazil,4/23/2025
903,Florri Tweed,63,2454,Philippines,6/29/2025
904,Aggie Paszek,43,2734,China,9/4/2025
905,Brannon Bernardelli,34,4598,Philippines,5/22/2025
906,Laural Earengey,66,1985,Greece,6/21/2025
907,Valenka Gregine,66,2162,Russia,6/12/2025
908,Rex Philipsohn,28,643,Russia,8/13/2025
909,Jarred Mitchinson,54,4362,United States,3/5/2026
910,Shalom Habard,34,3910,United States,8/9/2025
911,Daisy Heinl,56,666,Portugal,1/16/2026
912,Rodney Heritege,36,1061,Czech Republic,1/25/2026
913,Bernarr Gosnay,55,4677,Nigeria,5/4/2025
914,Diena Dietsche,19,618,United States,6/15/2025
915,Jeannette Ales0,55,2226,Argentina,11/28/2025
916,Donetta Keegan,33,1668,Germany,9/23/2025
917,Andrey Champneys,67,3413,Russia,3/6/2026
918,Zorana MacGee,19,4980,Colombia,5/19/2025
919,Somerset Burdytt,67,3788,Portugal,7/23/2025
920,Eyde Vecard,70,2887,Poland,4/29/2025
921,Viviana Dabourne,65,3579,China,4/29/2025
922,Kit Mouland,58,4374,Netherlands,10/25/2025
923,George Hains,50,656,China,10/18/2025
924,Neala Hales,23,3270,Sudan,2/15/2026
925,Binky McJury,23,4499,China,6/19/2025
926,Lane Jorissen,56,112,Tajikistan,11/15/2025
927,Kimberlee Capozzi,49,3479,Indonesia,3/26/2026
928,Maxie Tutchener,64,4818,Costa Rica,5/3/2025
929,Robyn Codlin,70,1624,Mexico,5/7/2025
930,Agnola Seedman,53,3926,China,7/14/2025
931,Jayson Regorz,50,2021,Philippines,12/11/2025
932,Niki Penelli,26,3123,China,2/19/2026
933,Shannen Ginner,62,3812,Cameroon,5/15/2025
934,Waring Dormon,60,477,Poland,6/1/2025
935,Gordy Ganley,50,2173,Poland,2/18/2026
936,Fedora Kalkofer,65,1241,China,3/2/2026
937,Arlene Langthorne,51,259,China,4/13/2026
938,Eada O'Crevy,22,3426,Russia,7/29/2025
939,Violante Gayton,24,4415,China,7/12/2025
940,Mel Asman,37,4911,Libya,1/26/2026
941,Libbi Choat,23,2655,Philippines,2/15/2026
942,Dill Boutton,36,44,Indonesia,1/13/2026
943,Chelsae Bynert,22,4047,China,4/2/2026
944,Rubina Coalbran,56,164,United States,5/25/2025
945,Colman Medforth,46,223,Portugal,4/29/2025
946,Glori de Keyser,46,265,New Zealand,7/19/2025
947,Nadya Lawles,27,2182,Ukraine,11/29/2025
948,Lorianna Duddell,37,3254,Colombia,2/2/2026
949,Caria Di Pietro,49,4655,Indonesia,9/7/2025
950,Jan Eckels,65,4202,Japan,5/5/2025
951,Cyndie Wreiford,56,4361,Sweden,8/16/2025
952,Neall Kording,38,4884,Sri Lanka,9/21/2025
953,Diandra Shilladay,34,809,Azerbaijan,8/22/2025
954,Jeni Toffolini,53,3464,Dominican Republic,6/20/2025
955,Conrado Underwood,56,2413,Azerbaijan,11/14/2025
956,Katey Simants,56,2520,South Africa,9/5/2025
957,Gena Divill,21,4352,Norway,4/18/2025
958,Donnamarie Alven,33,1566,China,3/16/2026
959,Lea Pitrelli,20,2754,China,3/27/2026
960,Meredithe Howarth,33,1262,Sweden,2/14/2026
961,Marcille Densun,49,10,France,6/11/2025
962,Modestia Dudeney,28,899,China,4/24/2025
963,Chere Hamsher,50,4261,Serbia,1/8/2026
964,Birgitta Chartman,43,4269,Brazil,10/1/2025
965,Giorgi Buntine,21,70,China,11/11/2025
966,Kipp Gunney,44,4376,Russia,8/18/2025
967,Paloma Gorgl,31,4959,Burkina Faso,12/29/2025
968,Gates Spreull,21,4983,Japan,8/15/2025
969,Elton Curgenuer,54,4920,Thailand,2/6/2026
970,Bobette Syratt,40,2571,Indonesia,9/12/2025
971,Ferguson Rotherham,61,2201,Poland,3/16/2026
972,Vivyanne Rigbye,47,4086,Japan,4/20/2025
973,Jenn Schimank,68,3231,China,4/24/2025
974,Ewen Durbin,67,4819,Northern Mariana Islands,6/22/2025
975,Rosana Alesbrook,40,4152,Russia,6/14/2025
976,Maible Matschuk,44,4490,Russia,2/9/2026
977,Cora Boar,36,2474,Russia,12/31/2025
978,Francesca Kersey,70,2444,Indonesia,3/22/2026
979,Muire Mattaus,55,3605,China,4/7/2026
980,Fleming Lagde,65,1803,China,3/6/2026
981,Aurel Menloe,34,3493,Sweden,3/13/2026
982,Waneta O'Mailey,27,1872,Brazil,9/18/2025
983,Rivkah Glanfield,26,4950,Finland,1/9/2026
984,Myrtice McVity,49,4608,Canada,8/31/2025
985,Chantalle Brolly,29,4280,China,10/16/2025
986,Winna Tripon,47,4418,Russia,10/20/2025
987,Valencia Handrock,28,4351,Yemen,11/7/2025
988,Savina Blann,69,3242,Bangladesh,2/23/2026
989,Ellette Meeson,30,2983,Vietnam,12/9/2025
990,Stafford Hagan,27,221,Botswana,3/7/2026
991,Selby Dowdle,28,3071,Albania,12/27/2025
992,Lyn Baxill,18,394,China,2/27/2026
993,Isidore Smallpiece,38,2281,Poland,10/3/2025
994,Rolf Keedwell,23,934,Indonesia,2/6/2026
995,Tom ducarme,58,4080,France,3/18/2026
996,Tansy Bloxholm,42,2524,Indonesia,11/29/2025
997,Gustavo Down,62,1749,China,2/13/2026
998,Nelson Corssen,38,2957,Serbia,10/22/2025
999,Shelbi Ronnay,36,3445,Venezuela,1/3/2026
1000,Lyon Blueman,22,2168,Thailand,4/10/2026
